GameID,Jugador,SeasonType,Temporada,Cuarto,T3 Intentados,T3 Metidos,% T3,T2 Intentados,T2 Metidos,% T2,Bandejas Intentadas,Bandejas Metidas,% Bandejas,Minutos Partido,Puntos Partido,FG% Est (partido),Equipo,DiferenciaFinal,Clutch,ResultadoPartido,PctMedia_4Q,Pct3_4Q,PctBandeja_4Q
G100000,Zach LaVine,Regular,2023-24,1Q,0,0,0.0,2,1,50.0,1,1,100.0,21.8,26.1,44.24,ATL,-3,1,L,,,
G100000,Zach LaVine,Regular,2023-24,2Q,1,0,0.0,6,3,50.0,3,2,66.67,21.8,26.1,44.24,ATL,-3,1,L,,,
G100000,Zach LaVine,Regular,2023-24,3Q,2,1,50.0,3,1,33.33,1,0,0.0,21.8,26.1,44.24,ATL,-3,1,L,,,
G100000,Zach LaVine,Regular,2023-24,4Q,3,0,0.0,3,2,66.67,4,2,50.0,21.8,26.1,44.24,ATL,-3,1,L,66.67,0.0,50.0
G100001,Shai Gilgeous-Alexander,Playoffs,2023-24,1Q,3,1,33.33,1,0,0.0,3,1,33.33,39.2,38.5,50.86,BOS,25,0,W,,,
G100001,Shai Gilgeous-Alexander,Playoffs,2024-25,2Q,3,2,66.67,3,1,33.33,2,2,100.0,39.2,38.5,50.86,BOS,25,0,W,,,
G100001,Shai Gilgeous-Alexander,Playoffs,2024-25,3Q,2,0,0.0,3,3,100.0,3,2,66.67,39.2,38.5,50.86,BOS,25,0,W,,,
G100001,Shai Gilgeous-Alexander,Playoffs,2023-24,4Q,3,0,0.0,9,5,55.56,3,1,33.33,39.2,38.5,50.86,BOS,25,0,W,55.56,0.0,33.33
G100002,Nikola Jokić,Regular,2023-24,1Q,2,0,0.0,2,2,100.0,3,0,0.0,29.0,13.1,44.68,BKN,3,1,W,,,
G100002,Nikola Jokić,Regular,2024-25,2Q,0,0,0.0,1,1,100.0,0,0,0.0,29.0,13.1,44.68,BKN,3,1,W,,,
G100002,Nikola Jokić,Regular,2024-25,3Q,1,0,0.0,4,1,25.0,1,0,0.0,29.0,13.1,44.68,BKN,3,1,W,,,
G100002,Nikola Jokić,Regular,2023-24,4Q,0,0,0.0,0,0,0.0,1,1,100.0,29.0,13.1,44.68,BKN,3,1,W,0.0,0.0,100.0
G100003,Donovan Mitchell,Regular,2023-24,1Q,3,0,0.0,1,1,100.0,0,0,0.0,34.4,32.1,50.5,CHA,-10,0,L,,,
G100003,Donovan Mitchell,Regular,2023-24,2Q,1,0,0.0,5,2,40.0,3,3,100.0,34.4,32.1,50.5,CHA,-10,0,L,,,
G100003,Donovan Mitchell,Regular,2023-24,3Q,0,0,0.0,6,3,50.0,2,0,0.0,34.4,32.1,50.5,CHA,-10,0,L,,,
G100003,Donovan Mitchell,Regular,2023-24,4Q,2,0,0.0,4,2,50.0,5,4,80.0,34.4,32.1,50.5,CHA,-10,0,L,50.0,0.0,80.0
G100004,Damian Lillard,Regular,2024-25,1Q,1,0,0.0,3,1,33.33,0,0,0.0,36.3,16.1,55.42,CHI,-3,0,L,,,
G100004,Damian Lillard,Regular,2024-25,2Q,0,0,0.0,1,0,0.0,2,2,100.0,36.3,16.1,55.42,CHI,-3,0,L,,,
G100004,Damian Lillard,Regular,2024-25,3Q,1,1,100.0,0,0,0.0,0,0,0.0,36.3,16.1,55.42,CHI,-3,0,L,,,
G100004,Damian Lillard,Regular,2024-25,4Q,2,1,50.0,2,1,50.0,3,2,66.67,36.3,16.1,55.42,CHI,-3,0,L,50.0,50.0,66.67
G100005,Lauri Markkanen,Playoffs,2024-25,1Q,1,1,100.0,1,0,0.0,0,0,0.0,26.3,20.5,51.84,CLE,-15,0,L,,,
G100005,Lauri Markkanen,Playoffs,2023-24,2Q,2,1,50.0,3,2,66.67,2,1,50.0,26.3,20.5,51.84,CLE,-15,0,L,,,
G100005,Lauri Markkanen,Playoffs,2023-24,3Q,1,1,100.0,1,1,100.0,1,1,100.0,26.3,20.5,51.84,CLE,-15,0,L,,,
G100005,Lauri Markkanen,Playoffs,2024-25,4Q,2,2,100.0,3,2,66.67,3,0,0.0,26.3,20.5,51.84,CLE,-15,0,L,66.67,100.0,0.0
G100006,Luka Dončić,Regular,2024-25,1Q,2,1,50.0,5,2,40.0,2,2,100.0,37.7,36.0,52.76,DAL,-3,0,L,,,
G100006,Luka Dončić,Regular,2024-25,2Q,2,2,100.0,5,3,60.0,2,1,50.0,37.7,36.0,52.76,DAL,-3,0,L,,,
G100006,Luka Dončić,Regular,2023-24,3Q,4,1,25.0,4,4,100.0,3,2,66.67,37.7,36.0,52.76,DAL,-3,0,L,,,
G100006,Luka Dončić,Regular,2023-24,4Q,2,1,50.0,1,1,100.0,2,2,100.0,37.7,36.0,52.76,DAL,-3,0,L,100.0,50.0,100.0
G100007,Giannis Antetokounmpo,Regular,2024-25,1Q,1,0,0.0,2,1,50.0,4,3,75.0,38.4,26.2,56.66,DEN,5,0,W,,,
G100007,Giannis Antetokounmpo,Regular,2024-25,2Q,3,0,0.0,1,0,0.0,2,2,100.0,38.4,26.2,56.66,DEN,5,0,W,,,
G100007,Giannis Antetokounmpo,Regular,2024-25,3Q,1,1,100.0,1,1,100.0,1,1,100.0,38.4,26.2,56.66,DEN,5,0,W,,,
G100007,Giannis Antetokounmpo,Regular,2024-25,4Q,1,0,0.0,6,2,33.33,0,0,0.0,38.4,26.2,56.66,DEN,5,0,W,33.33,0.0,0.0
G100008,Nikola Jokić,Regular,2024-25,1Q,0,0,0.0,0,0,0.0,0,0,0.0,26.6,2.2,45.42,BKN,-19,0,L,,,
G100008,Nikola Jokić,Regular,2024-25,2Q,0,0,0.0,0,0,0.0,0,0,0.0,26.6,2.2,45.42,BKN,-19,0,L,,,
G100008,Nikola Jokić,Regular,2023-24,3Q,0,0,0.0,1,0,0.0,1,1,100.0,26.6,2.2,45.42,BKN,-19,0,L,,,
G100008,Nikola Jokić,Regular,2024-25,4Q,0,0,0.0,0,0,0.0,0,0,0.0,26.6,2.2,45.42,BKN,-19,0,L,0.0,0.0,0.0
G100009,Karl-Anthony Towns,Regular,2023-24,1Q,1,0,0.0,2,2,100.0,3,2,66.67,30.6,19.7,56.16,DET,-4,0,L,,,
G100009,Karl-Anthony Towns,Regular,2024-25,2Q,2,0,0.0,4,3,75.0,2,2,100.0,30.6,19.7,56.16,DET,-4,0,L,,,
G100009,Karl-Anthony Towns,Regular,2024-25,3Q,1,1,100.0,1,1,100.0,0,0,0.0,30.6,19.7,56.16,DET,-4,0,L,,,
G100009,Karl-Anthony Towns,Regular,2023-24,4Q,1,0,0.0,1,0,0.0,0,0,0.0,30.6,19.7,56.16,DET,-4,0,L,0.0,0.0,0.0
G100010,De'Aaron Fox,Playoffs,2023-24,1Q,1,0,0.0,3,0,0.0,1,0,0.0,33.1,27.4,48.21,GSW,18,0,W,,,
G100010,De'Aaron Fox,Playoffs,2023-24,2Q,4,1,25.0,4,2,50.0,4,4,100.0,33.1,27.4,48.21,GSW,18,0,W,,,
G100010,De'Aaron Fox,Playoffs,2023-24,3Q,2,2,100.0,3,2,66.67,2,2,100.0,33.1,27.4,48.21,GSW,18,0,W,,,
G100010,De'Aaron Fox,Playoffs,2023-24,4Q,1,0,0.0,2,1,50.0,1,1,100.0,33.1,27.4,48.21,GSW,18,0,W,50.0,0.0,100.0
G100011,Nikola Jokić,Playoffs,2023-24,1Q,2,2,100.0,4,2,50.0,5,4,80.0,36.1,25.3,44.42,BKN,-12,0,L,,,
G100011,Nikola Jokić,Playoffs,2023-24,2Q,0,0,0.0,1,0,0.0,1,0,0.0,36.1,25.3,44.42,BKN,-12,0,L,,,
G100011,Nikola Jokić,Playoffs,2024-25,3Q,2,1,50.0,2,1,50.0,1,1,100.0,36.1,25.3,44.42,BKN,-12,0,L,,,
G100011,Nikola Jokić,Playoffs,2023-24,4Q,1,0,0.0,7,3,42.86,2,2,100.0,36.1,25.3,44.42,BKN,-12,0,L,42.86,0.0,100.0
G100012,Lauri Markkanen,Playoffs,2023-24,1Q,3,2,66.67,3,1,33.33,2,2,100.0,27.4,16.5,44.03,CLE,-17,0,L,,,
G100012,Lauri Markkanen,Playoffs,2024-25,2Q,1,0,0.0,1,0,0.0,3,2,66.67,27.4,16.5,44.03,CLE,-17,0,L,,,
G100012,Lauri Markkanen,Playoffs,2024-25,3Q,1,0,0.0,2,2,100.0,0,0,0.0,27.4,16.5,44.03,CLE,-17,0,L,,,
G100012,Lauri Markkanen,Playoffs,2023-24,4Q,0,0,0.0,2,1,50.0,1,0,0.0,27.4,16.5,44.03,CLE,-17,0,L,50.0,0.0,0.0
G100013,Brandon Ingram,Regular,2024-25,1Q,3,2,66.67,2,1,50.0,0,0,0.0,32.8,18.5,48.86,HOU,-3,0,L,,,
G100013,Brandon Ingram,Regular,2023-24,2Q,0,0,0.0,3,2,66.67,2,2,100.0,32.8,18.5,48.86,HOU,-3,0,L,,,
G100013,Brandon Ingram,Regular,2024-25,3Q,0,0,0.0,3,0,0.0,1,0,0.0,32.8,18.5,48.86,HOU,-3,0,L,,,
G100013,Brandon Ingram,Regular,2023-24,4Q,3,1,33.33,0,0,0.0,2,2,100.0,32.8,18.5,48.86,HOU,-3,0,L,0.0,33.33,100.0
G100014,Cade Cunningham,Regular,2024-25,1Q,2,2,100.0,3,1,33.33,2,1,50.0,28.0,23.6,46.2,IND,-3,0,L,,,
G100014,Cade Cunningham,Regular,2023-24,2Q,1,0,0.0,3,1,33.33,3,2,66.67,28.0,23.6,46.2,IND,-3,0,L,,,
G100014,Cade Cunningham,Regular,2024-25,3Q,1,1,100.0,3,2,66.67,2,1,50.0,28.0,23.6,46.2,IND,-3,0,L,,,
G100014,Cade Cunningham,Regular,2023-24,4Q,3,2,66.67,2,0,0.0,1,1,100.0,28.0,23.6,46.2,IND,-3,0,L,0.0,66.67,100.0
G100015,De'Aaron Fox,Playoffs,2023-24,1Q,1,0,0.0,1,0,0.0,1,0,0.0,25.9,25.8,56.72,GSW,9,0,W,,,
G100015,De'Aaron Fox,Playoffs,2023-24,2Q,2,1,50.0,1,0,0.0,1,0,0.0,25.9,25.8,56.72,GSW,9,0,W,,,
G100015,De'Aaron Fox,Playoffs,2024-25,3Q,1,0,0.0,2,1,50.0,3,3,100.0,25.9,25.8,56.72,GSW,9,0,W,,,
G100015,De'Aaron Fox,Playoffs,2024-25,4Q,2,0,0.0,6,2,33.33,2,1,50.0,25.9,25.8,56.72,GSW,9,0,W,33.33,0.0,50.0
G100016,Trae Young,Playoffs,2024-25,1Q,1,0,0.0,2,2,100.0,0,0,0.0,24.3,18.6,45.58,LAC,4,1,W,,,
G100016,Trae Young,Playoffs,2024-25,2Q,1,0,0.0,2,2,100.0,1,0,0.0,24.3,18.6,45.58,LAC,4,1,W,,,
G100016,Trae Young,Playoffs,2023-24,3Q,1,0,0.0,4,3,75.0,3,3,100.0,24.3,18.6,45.58,LAC,4,1,W,,,
G100016,Trae Young,Playoffs,2024-25,4Q,1,0,0.0,2,1,50.0,2,1,50.0,24.3,18.6,45.58,LAC,4,1,W,50.0,0.0,50.0
G100017,Donovan Mitchell,Regular,2024-25,1Q,2,0,0.0,3,0,0.0,0,0,0.0,26.1,21.4,48.08,CHA,-6,0,L,,,
G100017,Donovan Mitchell,Regular,2023-24,2Q,1,1,100.0,1,0,0.0,1,0,0.0,26.1,21.4,48.08,CHA,-6,0,L,,,
G100017,Donovan Mitchell,Regular,2024-25,3Q,3,1,33.33,1,0,0.0,1,1,100.0,26.1,21.4,48.08,CHA,-6,0,L,,,
G100017,Donovan Mitchell,Regular,2024-25,4Q,0,0,0.0,5,4,80.0,4,3,75.0,26.1,21.4,48.08,CHA,-6,0,L,80.0,0.0,75.0
G100018,Cade Cunningham,Playoffs,2024-25,1Q,0,0,0.0,2,1,50.0,1,1,100.0,18.7,18.3,50.11,IND,21,0,W,,,
G100018,Cade Cunningham,Playoffs,2024-25,2Q,2,0,0.0,1,1,100.0,0,0,0.0,18.7,18.3,50.11,IND,21,0,W,,,
G100018,Cade Cunningham,Playoffs,2024-25,3Q,1,0,0.0,3,2,66.67,2,0,0.0,18.7,18.3,50.11,IND,21,0,W,,,
G100018,Cade Cunningham,Playoffs,2024-25,4Q,1,0,0.0,3,1,33.33,2,2,100.0,18.7,18.3,50.11,IND,21,0,W,33.33,0.0,100.0
G100019,Jayson Tatum,Regular,2024-25,1Q,0,0,0.0,3,3,100.0,3,2,66.67,35.5,26.1,54.13,LAL,-2,0,L,,,
G100019,Jayson Tatum,Regular,2023-24,2Q,1,0,0.0,3,1,33.33,1,0,0.0,35.5,26.1,54.13,LAL,-2,0,L,,,
G100019,Jayson Tatum,Regular,2023-24,3Q,3,1,33.33,2,1,50.0,3,2,66.67,35.5,26.1,54.13,LAL,-2,0,L,,,
G100019,Jayson Tatum,Regular,2023-24,4Q,1,0,0.0,3,3,100.0,1,0,0.0,35.5,26.1,54.13,LAL,-2,0,L,100.0,0.0,0.0
G100020,Anthony Edwards,Regular,2024-25,1Q,3,0,0.0,4,3,75.0,1,1,100.0,19.8,23.9,43.47,MEM,-20,0,L,,,
G100020,Anthony Edwards,Regular,2023-24,2Q,2,1,50.0,1,1,100.0,2,2,100.0,19.8,23.9,43.47,MEM,-20,0,L,,,
G100020,Anthony Edwards,Regular,2024-25,3Q,1,1,100.0,5,3,60.0,3,1,33.33,19.8,23.9,43.47,MEM,-20,0,L,,,
G100020,Anthony Edwards,Regular,2023-24,4Q,1,0,0.0,2,2,100.0,2,1,50.0,19.8,23.9,43.47,MEM,-20,0,L,100.0,0.0,50.0
G100021,Kyrie Irving,Playoffs,2023-24,1Q,1,0,0.0,2,2,100.0,3,2,66.67,22.8,18.4,51.49,MIA,-3,0,L,,,
G100021,Kyrie Irving,Playoffs,2023-24,2Q,2,1,50.0,1,1,100.0,0,0,0.0,22.8,18.4,51.49,MIA,-3,0,L,,,
G100021,Kyrie Irving,Playoffs,2024-25,3Q,1,0,0.0,5,1,20.0,3,2,66.67,22.8,18.4,51.49,MIA,-3,0,L,,,
G100021,Kyrie Irving,Playoffs,2023-24,4Q,0,0,0.0,0,0,0.0,0,0,0.0,22.8,18.4,51.49,MIA,-3,0,L,0.0,0.0,0.0
G100022,Jaylen Brown,Playoffs,2024-25,1Q,3,0,0.0,3,2,66.67,1,1,100.0,17.7,20.0,49.98,MIL,-3,0,L,,,
G100022,Jaylen Brown,Playoffs,2023-24,2Q,0,0,0.0,0,0,0.0,4,2,50.0,17.7,20.0,49.98,MIL,-3,0,L,,,
G100022,Jaylen Brown,Playoffs,2024-25,3Q,1,0,0.0,4,3,75.0,0,0,0.0,17.7,20.0,49.98,MIL,-3,0,L,,,
G100022,Jaylen Brown,Playoffs,2024-25,4Q,1,0,0.0,2,0,0.0,1,1,100.0,17.7,20.0,49.98,MIL,-3,0,L,0.0,0.0,100.0
G100023,Brandon Ingram,Regular,2023-24,1Q,2,1,50.0,0,0,0.0,0,0,0.0,27.7,6.9,45.55,HOU,3,0,W,,,
G100023,Brandon Ingram,Regular,2024-25,2Q,0,0,0.0,0,0,0.0,0,0,0.0,27.7,6.9,45.55,HOU,3,0,W,,,
G100023,Brandon Ingram,Regular,2023-24,3Q,0,0,0.0,2,0,0.0,1,1,100.0,27.7,6.9,45.55,HOU,3,0,W,,,
G100023,Brandon Ingram,Regular,2024-25,4Q,0,0,0.0,1,1,100.0,2,2,100.0,27.7,6.9,45.55,HOU,3,0,W,100.0,0.0,100.0
G100024,Paul George,Playoffs,2024-25,1Q,2,0,0.0,1,0,0.0,0,0,0.0,18.3,15.5,53.11,MIN,-5,0,L,,,
G100024,Paul George,Playoffs,2023-24,2Q,1,0,0.0,1,1,100.0,0,0,0.0,18.3,15.5,53.11,MIN,-5,0,L,,,
G100024,Paul George,Playoffs,2024-25,3Q,1,1,100.0,3,1,33.33,1,1,100.0,18.3,15.5,53.11,MIN,-5,0,L,,,
G100024,Paul George,Playoffs,2023-24,4Q,1,0,0.0,1,1,100.0,3,1,33.33,18.3,15.5,53.11,MIN,-5,0,L,100.0,0.0,33.33
G100025,Karl-Anthony Towns,Regular,2024-25,1Q,1,1,100.0,1,0,0.0,2,1,50.0,37.5,17.3,43.31,DET,-3,0,L,,,
G100025,Karl-Anthony Towns,Regular,2024-25,2Q,1,0,0.0,4,3,75.0,1,0,0.0,37.5,17.3,43.31,DET,-3,0,L,,,
G100025,Karl-Anthony Towns,Regular,2023-24,3Q,1,0,0.0,4,2,50.0,1,1,100.0,37.5,17.3,43.31,DET,-3,0,L,,,
G100025,Karl-Anthony Towns,Regular,2023-24,4Q,1,1,100.0,0,0,0.0,3,3,100.0,37.5,17.3,43.31,DET,-3,0,L,0.0,100.0,100.0
G100026,Bam Adebayo,Playoffs,2023-24,1Q,1,0,0.0,2,2,100.0,2,1,50.0,18.3,21.8,46.43,NOP,5,0,W,,,
G100026,Bam Adebayo,Playoffs,2023-24,2Q,1,0,0.0,3,2,66.67,3,3,100.0,18.3,21.8,46.43,NOP,5,0,W,,,
G100026,Bam Adebayo,Playoffs,2024-25,3Q,2,1,50.0,3,1,33.33,1,1,100.0,18.3,21.8,46.43,NOP,5,0,W,,,
G100026,Bam Adebayo,Playoffs,2023-24,4Q,1,0,0.0,3,2,66.67,1,0,0.0,18.3,21.8,46.43,NOP,5,0,W,66.67,0.0,0.0
G100027,Giannis Antetokounmpo,Playoffs,2024-25,1Q,1,0,0.0,1,1,100.0,1,1,100.0,34.2,10.1,50.59,DEN,9,0,W,,,
G100027,Giannis Antetokounmpo,Playoffs,2023-24,2Q,1,1,100.0,2,2,100.0,0,0,0.0,34.2,10.1,50.59,DEN,9,0,W,,,
G100027,Giannis Antetokounmpo,Playoffs,2024-25,3Q,1,0,0.0,0,0,0.0,2,1,50.0,34.2,10.1,50.59,DEN,9,0,W,,,
G100027,Giannis Antetokounmpo,Playoffs,2023-24,4Q,0,0,0.0,1,0,0.0,0,0,0.0,34.2,10.1,50.59,DEN,9,0,W,0.0,0.0,0.0
G100028,DeMar DeRozan,Playoffs,2023-24,1Q,0,0,0.0,2,2,100.0,1,0,0.0,32.6,13.2,46.22,NYK,-9,0,L,,,
G100028,DeMar DeRozan,Playoffs,2023-24,2Q,1,1,100.0,0,0,0.0,2,1,50.0,32.6,13.2,46.22,NYK,-9,0,L,,,
G100028,DeMar DeRozan,Playoffs,2024-25,3Q,1,0,0.0,2,0,0.0,0,0,0.0,32.6,13.2,46.22,NYK,-9,0,L,,,
G100028,DeMar DeRozan,Playoffs,2024-25,4Q,1,1,100.0,3,0,0.0,1,0,0.0,32.6,13.2,46.22,NYK,-9,0,L,0.0,100.0,0.0
G100029,Lauri Markkanen,Regular,2023-24,1Q,0,0,0.0,0,0,0.0,0,0,0.0,20.3,5.1,53.33,CLE,-1,0,L,,,
G100029,Lauri Markkanen,Regular,2024-25,2Q,0,0,0.0,0,0,0.0,2,1,50.0,20.3,5.1,53.33,CLE,-1,0,L,,,
G100029,Lauri Markkanen,Regular,2024-25,3Q,0,0,0.0,0,0,0.0,0,0,0.0,20.3,5.1,53.33,CLE,-1,0,L,,,
G100029,Lauri Markkanen,Regular,2023-24,4Q,1,0,0.0,2,2,100.0,0,0,0.0,20.3,5.1,53.33,CLE,-1,0,L,100.0,0.0,0.0
G100030,De'Aaron Fox,Regular,2024-25,1Q,2,1,50.0,5,2,40.0,2,1,50.0,29.9,41.4,45.34,GSW,-19,0,L,,,
G100030,De'Aaron Fox,Regular,2024-25,2Q,7,5,71.43,5,4,80.0,2,0,0.0,29.9,41.4,45.34,GSW,-19,0,L,,,
G100030,De'Aaron Fox,Regular,2023-24,3Q,3,3,100.0,3,2,66.67,3,3,100.0,29.9,41.4,45.34,GSW,-19,0,L,,,
G100030,De'Aaron Fox,Regular,2023-24,4Q,3,0,0.0,6,3,50.0,5,2,40.0,29.9,41.4,45.34,GSW,-19,0,L,50.0,0.0,40.0
G100031,Luka Dončić,Regular,2024-25,1Q,2,1,50.0,5,2,40.0,4,3,75.0,43.5,37.9,44.22,DAL,6,0,W,,,
G100031,Luka Dončić,Regular,2024-25,2Q,2,1,50.0,3,1,33.33,1,1,100.0,43.5,37.9,44.22,DAL,6,0,W,,,
G100031,Luka Dončić,Regular,2023-24,3Q,4,2,50.0,5,2,40.0,5,3,60.0,43.5,37.9,44.22,DAL,6,0,W,,,
G100031,Luka Dončić,Regular,2023-24,4Q,2,0,0.0,7,3,42.86,3,1,33.33,43.5,37.9,44.22,DAL,6,0,W,42.86,0.0,33.33
G100032,Cade Cunningham,Playoffs,2024-25,1Q,1,0,0.0,2,0,0.0,1,0,0.0,27.9,18.8,54.45,IND,-1,0,L,,,
G100032,Cade Cunningham,Playoffs,2023-24,2Q,0,0,0.0,4,3,75.0,2,1,50.0,27.9,18.8,54.45,IND,-1,0,L,,,
G100032,Cade Cunningham,Playoffs,2023-24,3Q,1,0,0.0,1,1,100.0,1,1,100.0,27.9,18.8,54.45,IND,-1,0,L,,,
G100032,Cade Cunningham,Playoffs,2024-25,4Q,3,1,33.33,0,0,0.0,1,0,0.0,27.9,18.8,54.45,IND,-1,0,L,0.0,33.33,0.0
G100033,Giannis Antetokounmpo,Regular,2024-25,1Q,0,0,0.0,3,2,66.67,1,0,0.0,36.6,14.6,53.62,DEN,-3,0,L,,,
G100033,Giannis Antetokounmpo,Regular,2023-24,2Q,0,0,0.0,2,1,50.0,4,2,50.0,36.6,14.6,53.62,DEN,-3,0,L,,,
G100033,Giannis Antetokounmpo,Regular,2023-24,3Q,1,0,0.0,1,1,100.0,0,0,0.0,36.6,14.6,53.62,DEN,-3,0,L,,,
G100033,Giannis Antetokounmpo,Regular,2023-24,4Q,1,1,100.0,1,1,100.0,0,0,0.0,36.6,14.6,53.62,DEN,-3,0,L,100.0,100.0,0.0
G100034,Mikal Bridges,Regular,2023-24,1Q,0,0,0.0,1,1,100.0,3,1,33.33,30.9,15.8,55.52,OKC,-5,1,L,,,
G100034,Mikal Bridges,Regular,2024-25,2Q,0,0,0.0,3,3,100.0,0,0,0.0,30.9,15.8,55.52,OKC,-5,1,L,,,
G100034,Mikal Bridges,Regular,2023-24,3Q,2,1,50.0,1,0,0.0,1,1,100.0,30.9,15.8,55.52,OKC,-5,1,L,,,
G100034,Mikal Bridges,Regular,2024-25,4Q,1,1,100.0,2,2,100.0,0,0,0.0,30.9,15.8,55.52,OKC,-5,1,L,100.0,100.0,0.0
G100035,Anthony Edwards,Playoffs,2023-24,1Q,0,0,0.0,1,1,100.0,0,0,0.0,25.5,9.4,54.17,MEM,2,0,W,,,
G100035,Anthony Edwards,Playoffs,2023-24,2Q,0,0,0.0,1,1,100.0,1,1,100.0,25.5,9.4,54.17,MEM,2,0,W,,,
G100035,Anthony Edwards,Playoffs,2023-24,3Q,0,0,0.0,1,0,0.0,2,1,50.0,25.5,9.4,54.17,MEM,2,0,W,,,
G100035,Anthony Edwards,Playoffs,2024-25,4Q,2,0,0.0,1,0,0.0,0,0,0.0,25.5,9.4,54.17,MEM,2,0,W,0.0,0.0,0.0
G100036,Jimmy Butler,Playoffs,2024-25,1Q,2,1,50.0,0,0,0.0,0,0,0.0,19.4,15.8,50.95,ORL,-4,0,L,,,
G100036,Jimmy Butler,Playoffs,2024-25,2Q,0,0,0.0,3,2,66.67,3,2,66.67,19.4,15.8,50.95,ORL,-4,0,L,,,
G100036,Jimmy Butler,Playoffs,2023-24,3Q,0,0,0.0,3,3,100.0,0,0,0.0,19.4,15.8,50.95,ORL,-4,0,L,,,
G100036,Jimmy Butler,Playoffs,2024-25,4Q,2,1,50.0,1,1,100.0,2,1,50.0,19.4,15.8,50.95,ORL,-4,0,L,100.0,50.0,50.0
G100037,Tyrese Maxey,Playoffs,2024-25,1Q,0,0,0.0,0,0,0.0,2,1,50.0,18.7,8.3,54.06,PHI,-7,0,L,,,
G100037,Tyrese Maxey,Playoffs,2024-25,2Q,1,0,0.0,3,1,33.33,0,0,0.0,18.7,8.3,54.06,PHI,-7,0,L,,,
G100037,Tyrese Maxey,Playoffs,2024-25,3Q,1,0,0.0,0,0,0.0,0,0,0.0,18.7,8.3,54.06,PHI,-7,0,L,,,
G100037,Tyrese Maxey,Playoffs,2024-25,4Q,0,0,0.0,0,0,0.0,1,1,100.0,18.7,8.3,54.06,PHI,-7,0,L,0.0,0.0,100.0
G100038,Kyrie Irving,Regular,2024-25,1Q,1,1,100.0,0,0,0.0,1,0,0.0,35.4,7.5,53.15,MIA,-1,0,L,,,
G100038,Kyrie Irving,Regular,2023-24,2Q,1,1,100.0,0,0,0.0,0,0,0.0,35.4,7.5,53.15,MIA,-1,0,L,,,
G100038,Kyrie Irving,Regular,2023-24,3Q,0,0,0.0,2,2,100.0,1,1,100.0,35.4,7.5,53.15,MIA,-1,0,L,,,
G100038,Kyrie Irving,Regular,2024-25,4Q,0,0,0.0,1,1,100.0,0,0,0.0,35.4,7.5,53.15,MIA,-1,0,L,100.0,0.0,0.0
G100039,Damian Lillard,Playoffs,2023-24,1Q,0,0,0.0,0,0,0.0,0,0,0.0,36.0,0.0,51.3,CHI,1,1,W,,,
G100039,Damian Lillard,Playoffs,2023-24,2Q,0,0,0.0,0,0,0.0,1,0,0.0,36.0,0.0,51.3,CHI,1,1,W,,,
G100039,Damian Lillard,Playoffs,2024-25,3Q,0,0,0.0,0,0,0.0,0,0,0.0,36.0,0.0,51.3,CHI,1,1,W,,,
G100039,Damian Lillard,Playoffs,2024-25,4Q,0,0,0.0,0,0,0.0,0,0,0.0,36.0,0.0,51.3,CHI,1,1,W,0.0,0.0,0.0
G100040,De'Aaron Fox,Regular,2023-24,1Q,1,1,100.0,2,0,0.0,2,2,100.0,31.5,18.2,44.03,GSW,3,1,W,,,
G100040,De'Aaron Fox,Regular,2024-25,2Q,1,0,0.0,2,0,0.0,1,0,0.0,31.5,18.2,44.03,GSW,3,1,W,,,
G100040,De'Aaron Fox,Regular,2024-25,3Q,2,1,50.0,3,0,0.0,1,1,100.0,31.5,18.2,44.03,GSW,3,1,W,,,
G100040,De'Aaron Fox,Regular,2023-24,4Q,0,0,0.0,3,0,0.0,3,3,100.0,31.5,18.2,44.03,GSW,3,1,W,0.0,0.0,100.0
G100041,Jaylen Brown,Regular,2023-24,1Q,2,1,50.0,0,0,0.0,1,1,100.0,20.2,27.0,49.37,MIL,6,0,W,,,
G100041,Jaylen Brown,Regular,2023-24,2Q,2,2,100.0,3,2,66.67,3,3,100.0,20.2,27.0,49.37,MIL,6,0,W,,,
G100041,Jaylen Brown,Regular,2024-25,3Q,1,1,100.0,5,2,40.0,4,3,75.0,20.2,27.0,49.37,MIL,6,0,W,,,
G100041,Jaylen Brown,Regular,2024-25,4Q,2,2,100.0,4,4,100.0,0,0,0.0,20.2,27.0,49.37,MIL,6,0,W,100.0,100.0,0.0
G100042,Karl-Anthony Towns,Regular,2024-25,1Q,2,0,0.0,2,1,50.0,3,2,66.67,31.1,25.3,53.95,DET,4,0,W,,,
G100042,Karl-Anthony Towns,Regular,2023-24,2Q,2,0,0.0,3,1,33.33,2,1,50.0,31.1,25.3,53.95,DET,4,0,W,,,
G100042,Karl-Anthony Towns,Regular,2024-25,3Q,1,0,0.0,3,0,0.0,1,1,100.0,31.1,25.3,53.95,DET,4,0,W,,,
G100042,Karl-Anthony Towns,Regular,2024-25,4Q,1,1,100.0,2,1,50.0,1,1,100.0,31.1,25.3,53.95,DET,4,0,W,50.0,100.0,100.0
G100043,Tyrese Maxey,Playoffs,2023-24,1Q,2,0,0.0,0,0,0.0,2,2,100.0,30.6,20.6,51.51,PHI,3,1,W,,,
G100043,Tyrese Maxey,Playoffs,2024-25,2Q,2,1,50.0,2,1,50.0,3,2,66.67,30.6,20.6,51.51,PHI,3,1,W,,,
G100043,Tyrese Maxey,Playoffs,2023-24,3Q,2,1,50.0,0,0,0.0,0,0,0.0,30.6,20.6,51.51,PHI,3,1,W,,,
G100043,Tyrese Maxey,Playoffs,2023-24,4Q,0,0,0.0,6,2,33.33,1,1,100.0,30.6,20.6,51.51,PHI,3,1,W,33.33,0.0,100.0
G100044,Anthony Edwards,Playoffs,2024-25,1Q,0,0,0.0,4,2,50.0,1,1,100.0,25.4,13.1,50.35,MEM,-8,0,L,,,
G100044,Anthony Edwards,Playoffs,2024-25,2Q,1,1,100.0,1,0,0.0,0,0,0.0,25.4,13.1,50.35,MEM,-8,0,L,,,
G100044,Anthony Edwards,Playoffs,2023-24,3Q,1,1,100.0,1,1,100.0,1,1,100.0,25.4,13.1,50.35,MEM,-8,0,L,,,
G100044,Anthony Edwards,Playoffs,2023-24,4Q,2,0,0.0,0,0,0.0,1,1,100.0,25.4,13.1,50.35,MEM,-8,0,L,0.0,0.0,100.0
G100045,Bam Adebayo,Regular,2023-24,1Q,0,0,0.0,2,1,50.0,0,0,0.0,22.5,13.6,53.32,NOP,-18,0,L,,,
G100045,Bam Adebayo,Regular,2024-25,2Q,0,0,0.0,1,1,100.0,1,0,0.0,22.5,13.6,53.32,NOP,-18,0,L,,,
G100045,Bam Adebayo,Regular,2023-24,3Q,0,0,0.0,1,0,0.0,2,2,100.0,22.5,13.6,53.32,NOP,-18,0,L,,,
G100045,Bam Adebayo,Regular,2023-24,4Q,4,4,100.0,1,1,100.0,1,1,100.0,22.5,13.6,53.32,NOP,-18,0,L,100.0,100.0,100.0
G100046,Damian Lillard,Playoffs,2023-24,1Q,0,0,0.0,0,0,0.0,1,1,100.0,32.3,6.4,47.97,CHI,5,1,W,,,
G100046,Damian Lillard,Playoffs,2023-24,2Q,0,0,0.0,1,0,0.0,1,0,0.0,32.3,6.4,47.97,CHI,5,1,W,,,
G100046,Damian Lillard,Playoffs,2024-25,3Q,1,1,100.0,2,1,50.0,0,0,0.0,32.3,6.4,47.97,CHI,5,1,W,,,
G100046,Damian Lillard,Playoffs,2024-25,4Q,0,0,0.0,0,0,0.0,1,0,0.0,32.3,6.4,47.97,CHI,5,1,W,0.0,0.0,0.0
G100047,DeMar DeRozan,Regular,2023-24,1Q,1,0,0.0,3,3,100.0,0,0,0.0,30.8,11.9,53.59,NYK,3,0,W,,,
G100047,DeMar DeRozan,Regular,2023-24,2Q,1,0,0.0,0,0,0.0,4,4,100.0,30.8,11.9,53.59,NYK,3,0,W,,,
G100047,DeMar DeRozan,Regular,2024-25,3Q,0,0,0.0,1,1,100.0,0,0,0.0,30.8,11.9,53.59,NYK,3,0,W,,,
G100047,DeMar DeRozan,Regular,2023-24,4Q,0,0,0.0,1,0,0.0,0,0,0.0,30.8,11.9,53.59,NYK,3,0,W,0.0,0.0,0.0
G100048,Nikola Jokić,Regular,2024-25,1Q,0,0,0.0,2,0,0.0,1,1,100.0,29.7,17.4,56.12,BKN,-5,0,L,,,
G100048,Nikola Jokić,Regular,2024-25,2Q,1,0,0.0,2,1,50.0,4,3,75.0,29.7,17.4,56.12,BKN,-5,0,L,,,
G100048,Nikola Jokić,Regular,2024-25,3Q,1,0,0.0,3,3,100.0,0,0,0.0,29.7,17.4,56.12,BKN,-5,0,L,,,
G100048,Nikola Jokić,Regular,2024-25,4Q,2,1,50.0,0,0,0.0,0,0,0.0,29.7,17.4,56.12,BKN,-5,0,L,0.0,50.0,0.0
G100049,Brandon Ingram,Playoffs,2023-24,1Q,1,0,0.0,0,0,0.0,0,0,0.0,27.7,12.6,55.07,HOU,-9,0,L,,,
G100049,Brandon Ingram,Playoffs,2024-25,2Q,1,0,0.0,2,1,50.0,1,1,100.0,27.7,12.6,55.07,HOU,-9,0,L,,,
G100049,Brandon Ingram,Playoffs,2024-25,3Q,1,0,0.0,1,1,100.0,0,0,0.0,27.7,12.6,55.07,HOU,-9,0,L,,,
G100049,Brandon Ingram,Playoffs,2023-24,4Q,0,0,0.0,2,2,100.0,2,2,100.0,27.7,12.6,55.07,HOU,-9,0,L,100.0,0.0,100.0
G100050,Anthony Edwards,Playoffs,2024-25,1Q,0,0,0.0,1,1,100.0,1,1,100.0,21.9,19.8,56.77,MEM,2,0,W,,,
G100050,Anthony Edwards,Playoffs,2023-24,2Q,0,0,0.0,3,2,66.67,4,2,50.0,21.9,19.8,56.77,MEM,2,0,W,,,
G100050,Anthony Edwards,Playoffs,2024-25,3Q,1,1,100.0,0,0,0.0,0,0,0.0,21.9,19.8,56.77,MEM,2,0,W,,,
G100050,Anthony Edwards,Playoffs,2023-24,4Q,3,1,33.33,4,3,75.0,0,0,0.0,21.9,19.8,56.77,MEM,2,0,W,75.0,33.33,0.0
G100051,Giannis Antetokounmpo,Regular,2023-24,1Q,2,0,0.0,1,1,100.0,3,2,66.67,24.7,14.5,43.27,DEN,6,0,W,,,
G100051,Giannis Antetokounmpo,Regular,2023-24,2Q,0,0,0.0,0,0,0.0,1,0,0.0,24.7,14.5,43.27,DEN,6,0,W,,,
G100051,Giannis Antetokounmpo,Regular,2023-24,3Q,1,0,0.0,3,1,33.33,1,0,0.0,24.7,14.5,43.27,DEN,6,0,W,,,
G100051,Giannis Antetokounmpo,Regular,2024-25,4Q,1,0,0.0,4,2,50.0,0,0,0.0,24.7,14.5,43.27,DEN,6,0,W,50.0,0.0,0.0
G100052,Bam Adebayo,Playoffs,2023-24,1Q,1,1,100.0,2,0,0.0,1,1,100.0,19.7,11.1,54.77,NOP,10,0,W,,,
G100052,Bam Adebayo,Playoffs,2023-24,2Q,0,0,0.0,2,2,100.0,0,0,0.0,19.7,11.1,54.77,NOP,10,0,W,,,
G100052,Bam Adebayo,Playoffs,2024-25,3Q,1,1,100.0,1,0,0.0,1,1,100.0,19.7,11.1,54.77,NOP,10,0,W,,,
G100052,Bam Adebayo,Playoffs,2023-24,4Q,0,0,0.0,0,0,0.0,1,0,0.0,19.7,11.1,54.77,NOP,10,0,W,0.0,0.0,0.0
G100053,Devin Booker,Playoffs,2023-24,1Q,0,0,0.0,3,1,33.33,1,1,100.0,36.5,20.0,46.71,PHX,-5,0,L,,,
G100053,Devin Booker,Playoffs,2024-25,2Q,3,2,66.67,3,3,100.0,1,0,0.0,36.5,20.0,46.71,PHX,-5,0,L,,,
G100053,Devin Booker,Playoffs,2024-25,3Q,0,0,0.0,2,1,50.0,3,2,66.67,36.5,20.0,46.71,PHX,-5,0,L,,,
G100053,Devin Booker,Playoffs,2024-25,4Q,1,0,0.0,2,1,50.0,2,1,50.0,36.5,20.0,46.71,PHX,-5,0,L,50.0,0.0,50.0
G100054,Anthony Edwards,Playoffs,2023-24,1Q,2,1,50.0,3,1,33.33,1,1,100.0,21.9,16.0,45.76,MEM,-3,0,L,,,
G100054,Anthony Edwards,Playoffs,2024-25,2Q,0,0,0.0,2,0,0.0,2,1,50.0,21.9,16.0,45.76,MEM,-3,0,L,,,
G100054,Anthony Edwards,Playoffs,2023-24,3Q,2,1,50.0,2,1,50.0,1,1,100.0,21.9,16.0,45.76,MEM,-3,0,L,,,
G100054,Anthony Edwards,Playoffs,2023-24,4Q,1,0,0.0,0,0,0.0,1,1,100.0,21.9,16.0,45.76,MEM,-3,0,L,0.0,0.0,100.0
G100055,Donovan Mitchell,Playoffs,2024-25,1Q,1,0,0.0,2,1,50.0,0,0,0.0,30.3,28.2,51.91,CHA,-2,1,L,,,
G100055,Donovan Mitchell,Playoffs,2023-24,2Q,2,1,50.0,4,3,75.0,2,0,0.0,30.3,28.2,51.91,CHA,-2,1,L,,,
G100055,Donovan Mitchell,Playoffs,2023-24,3Q,0,0,0.0,5,3,60.0,4,3,75.0,30.3,28.2,51.91,CHA,-2,1,L,,,
G100055,Donovan Mitchell,Playoffs,2024-25,4Q,5,1,20.0,0,0,0.0,2,2,100.0,30.3,28.2,51.91,CHA,-2,1,L,0.0,20.0,100.0
G100056,Donovan Mitchell,Regular,2024-25,1Q,2,1,50.0,2,1,50.0,1,1,100.0,20.4,18.8,53.11,CHA,2,0,W,,,
G100056,Donovan Mitchell,Regular,2023-24,2Q,1,0,0.0,0,0,0.0,2,1,50.0,20.4,18.8,53.11,CHA,2,0,W,,,
G100056,Donovan Mitchell,Regular,2024-25,3Q,1,0,0.0,3,2,66.67,0,0,0.0,20.4,18.8,53.11,CHA,2,0,W,,,
G100056,Donovan Mitchell,Regular,2024-25,4Q,2,1,50.0,2,2,100.0,2,2,100.0,20.4,18.8,53.11,CHA,2,0,W,100.0,50.0,100.0
G100057,Paul George,Playoffs,2023-24,1Q,1,1,100.0,4,2,50.0,1,1,100.0,12.3,12.6,44.24,MIN,1,0,W,,,
G100057,Paul George,Playoffs,2023-24,2Q,1,0,0.0,1,0,0.0,2,1,50.0,12.3,12.6,44.24,MIN,1,0,W,,,
G100057,Paul George,Playoffs,2024-25,3Q,1,0,0.0,1,1,100.0,0,0,0.0,12.3,12.6,44.24,MIN,1,0,W,,,
G100057,Paul George,Playoffs,2024-25,4Q,0,0,0.0,1,1,100.0,1,1,100.0,12.3,12.6,44.24,MIN,1,0,W,100.0,0.0,100.0
G100058,Paul George,Playoffs,2024-25,1Q,1,0,0.0,2,2,100.0,0,0,0.0,19.6,10.2,44.13,MIN,-1,0,L,,,
G100058,Paul George,Playoffs,2024-25,2Q,0,0,0.0,0,0,0.0,2,1,50.0,19.6,10.2,44.13,MIN,-1,0,L,,,
G100058,Paul George,Playoffs,2023-24,3Q,1,0,0.0,2,2,100.0,1,1,100.0,19.6,10.2,44.13,MIN,-1,0,L,,,
G100058,Paul George,Playoffs,2023-24,4Q,1,0,0.0,1,0,0.0,1,1,100.0,19.6,10.2,44.13,MIN,-1,0,L,0.0,0.0,100.0
G100059,Jalen Brunson,Playoffs,2024-25,1Q,4,1,25.0,1,1,100.0,2,0,0.0,26.3,21.4,43.31,POR,4,1,W,,,
G100059,Jalen Brunson,Playoffs,2024-25,2Q,1,0,0.0,3,1,33.33,4,4,100.0,26.3,21.4,43.31,POR,4,1,W,,,
G100059,Jalen Brunson,Playoffs,2024-25,3Q,2,1,50.0,3,2,66.67,0,0,0.0,26.3,21.4,43.31,POR,4,1,W,,,
G100059,Jalen Brunson,Playoffs,2024-25,4Q,0,0,0.0,4,2,50.0,1,1,100.0,26.3,21.4,43.31,POR,4,1,W,50.0,0.0,100.0
G100060,Kyrie Irving,Regular,2023-24,1Q,1,1,100.0,1,0,0.0,1,0,0.0,27.2,9.3,56.24,MIA,-6,0,L,,,
G100060,Kyrie Irving,Regular,2024-25,2Q,0,0,0.0,1,1,100.0,1,1,100.0,27.2,9.3,56.24,MIA,-6,0,L,,,
G100060,Kyrie Irving,Regular,2023-24,3Q,0,0,0.0,0,0,0.0,0,0,0.0,27.2,9.3,56.24,MIA,-6,0,L,,,
G100060,Kyrie Irving,Regular,2024-25,4Q,1,0,0.0,1,1,100.0,1,1,100.0,27.2,9.3,56.24,MIA,-6,0,L,100.0,0.0,100.0
G100061,Donovan Mitchell,Playoffs,2024-25,1Q,0,0,0.0,3,3,100.0,1,1,100.0,28.5,29.0,50.54,CHA,-3,0,L,,,
G100061,Donovan Mitchell,Playoffs,2024-25,2Q,3,1,33.33,4,1,25.0,3,3,100.0,28.5,29.0,50.54,CHA,-3,0,L,,,
G100061,Donovan Mitchell,Playoffs,2024-25,3Q,3,2,66.67,5,1,20.0,2,1,50.0,28.5,29.0,50.54,CHA,-3,0,L,,,
G100061,Donovan Mitchell,Playoffs,2023-24,4Q,1,1,100.0,1,1,100.0,3,2,66.67,28.5,29.0,50.54,CHA,-3,0,L,100.0,100.0,66.67
G100062,Giannis Antetokounmpo,Regular,2024-25,1Q,1,0,0.0,2,2,100.0,1,1,100.0,36.1,19.1,50.07,DEN,-6,0,L,,,
G100062,Giannis Antetokounmpo,Regular,2024-25,2Q,4,3,75.0,1,1,100.0,0,0,0.0,36.1,19.1,50.07,DEN,-6,0,L,,,
G100062,Giannis Antetokounmpo,Regular,2024-25,3Q,1,1,100.0,4,3,75.0,0,0,0.0,36.1,19.1,50.07,DEN,-6,0,L,,,
G100062,Giannis Antetokounmpo,Regular,2024-25,4Q,0,0,0.0,1,0,0.0,4,2,50.0,36.1,19.1,50.07,DEN,-6,0,L,0.0,0.0,50.0
G100063,Mikal Bridges,Regular,2023-24,1Q,0,0,0.0,4,1,25.0,1,1,100.0,32.1,21.1,44.41,OKC,-5,1,L,,,
G100063,Mikal Bridges,Regular,2023-24,2Q,1,1,100.0,3,2,66.67,4,4,100.0,32.1,21.1,44.41,OKC,-5,1,L,,,
G100063,Mikal Bridges,Regular,2023-24,3Q,2,1,50.0,2,2,100.0,1,0,0.0,32.1,21.1,44.41,OKC,-5,1,L,,,
G100063,Mikal Bridges,Regular,2024-25,4Q,2,1,50.0,2,1,50.0,2,1,50.0,32.1,21.1,44.41,OKC,-5,1,L,50.0,50.0,50.0
G100064,Donovan Mitchell,Regular,2024-25,1Q,1,0,0.0,2,2,100.0,1,0,0.0,32.1,16.4,55.7,CHA,1,0,W,,,
G100064,Donovan Mitchell,Regular,2024-25,2Q,0,0,0.0,3,1,33.33,3,1,33.33,32.1,16.4,55.7,CHA,1,0,W,,,
G100064,Donovan Mitchell,Regular,2024-25,3Q,1,1,100.0,1,1,100.0,0,0,0.0,32.1,16.4,55.7,CHA,1,0,W,,,
G100064,Donovan Mitchell,Regular,2023-24,4Q,2,0,0.0,1,0,0.0,0,0,0.0,32.1,16.4,55.7,CHA,1,0,W,0.0,0.0,0.0
G100065,Brandon Ingram,Playoffs,2023-24,1Q,0,0,0.0,0,0,0.0,0,0,0.0,27.3,8.5,46.39,HOU,1,0,W,,,
G100065,Brandon Ingram,Playoffs,2024-25,2Q,0,0,0.0,1,0,0.0,2,2,100.0,27.3,8.5,46.39,HOU,1,0,W,,,
G100065,Brandon Ingram,Playoffs,2023-24,3Q,1,0,0.0,2,2,100.0,1,0,0.0,27.3,8.5,46.39,HOU,1,0,W,,,
G100065,Brandon Ingram,Playoffs,2023-24,4Q,1,0,0.0,1,0,0.0,0,0,0.0,27.3,8.5,46.39,HOU,1,0,W,0.0,0.0,0.0
G100066,Jaylen Brown,Regular,2024-25,1Q,2,1,50.0,2,0,0.0,3,2,66.67,20.8,27.4,55.31,MIL,6,0,W,,,
G100066,Jaylen Brown,Regular,2024-25,2Q,1,0,0.0,4,2,50.0,1,1,100.0,20.8,27.4,55.31,MIL,6,0,W,,,
G100066,Jaylen Brown,Regular,2023-24,3Q,2,0,0.0,3,1,33.33,2,0,0.0,20.8,27.4,55.31,MIL,6,0,W,,,
G100066,Jaylen Brown,Regular,2024-25,4Q,2,1,50.0,2,0,0.0,1,1,100.0,20.8,27.4,55.31,MIL,6,0,W,0.0,50.0,100.0
G100067,Anthony Edwards,Playoffs,2024-25,1Q,0,0,0.0,0,0,0.0,1,0,0.0,20.5,13.5,50.23,MEM,-7,0,L,,,
G100067,Anthony Edwards,Playoffs,2023-24,2Q,0,0,0.0,1,1,100.0,1,1,100.0,20.5,13.5,50.23,MEM,-7,0,L,,,
G100067,Anthony Edwards,Playoffs,2023-24,3Q,0,0,0.0,3,1,33.33,1,1,100.0,20.5,13.5,50.23,MEM,-7,0,L,,,
G100067,Anthony Edwards,Playoffs,2023-24,4Q,2,1,50.0,2,0,0.0,2,2,100.0,20.5,13.5,50.23,MEM,-7,0,L,0.0,50.0,100.0
G100068,Jaylen Brown,Playoffs,2024-25,1Q,2,1,50.0,0,0,0.0,1,1,100.0,22.4,12.0,54.53,MIL,1,0,W,,,
G100068,Jaylen Brown,Playoffs,2023-24,2Q,0,0,0.0,1,0,0.0,1,1,100.0,22.4,12.0,54.53,MIL,1,0,W,,,
G100068,Jaylen Brown,Playoffs,2023-24,3Q,1,0,0.0,0,0,0.0,0,0,0.0,22.4,12.0,54.53,MIL,1,0,W,,,
G100068,Jaylen Brown,Playoffs,2023-24,4Q,1,1,100.0,3,0,0.0,1,0,0.0,22.4,12.0,54.53,MIL,1,0,W,0.0,100.0,0.0
G100069,Joel Embiid,Playoffs,2024-25,1Q,1,0,0.0,0,0,0.0,2,1,50.0,36.0,32.9,44.69,SAC,3,0,W,,,
G100069,Joel Embiid,Playoffs,2024-25,2Q,4,2,50.0,5,4,80.0,3,3,100.0,36.0,32.9,44.69,SAC,3,0,W,,,
G100069,Joel Embiid,Playoffs,2023-24,3Q,2,2,100.0,4,1,25.0,1,1,100.0,36.0,32.9,44.69,SAC,3,0,W,,,
G100069,Joel Embiid,Playoffs,2024-25,4Q,5,2,40.0,6,2,33.33,4,2,50.0,36.0,32.9,44.69,SAC,3,0,W,33.33,40.0,50.0
G100070,Karl-Anthony Towns,Regular,2024-25,1Q,2,1,50.0,0,0,0.0,1,1,100.0,30.5,12.8,49.03,DET,8,0,W,,,
G100070,Karl-Anthony Towns,Regular,2023-24,2Q,0,0,0.0,2,2,100.0,0,0,0.0,30.5,12.8,49.03,DET,8,0,W,,,
G100070,Karl-Anthony Towns,Regular,2024-25,3Q,0,0,0.0,2,1,50.0,1,1,100.0,30.5,12.8,49.03,DET,8,0,W,,,
G100070,Karl-Anthony Towns,Regular,2023-24,4Q,1,0,0.0,2,1,50.0,2,2,100.0,30.5,12.8,49.03,DET,8,0,W,50.0,0.0,100.0
G100071,Damian Lillard,Regular,2023-24,1Q,0,0,0.0,1,0,0.0,0,0,0.0,33.7,2.2,55.6,CHI,5,0,W,,,
G100071,Damian Lillard,Regular,2024-25,2Q,0,0,0.0,0,0,0.0,1,1,100.0,33.7,2.2,55.6,CHI,5,0,W,,,
G100071,Damian Lillard,Regular,2024-25,3Q,0,0,0.0,0,0,0.0,0,0,0.0,33.7,2.2,55.6,CHI,5,0,W,,,
G100071,Damian Lillard,Regular,2023-24,4Q,0,0,0.0,0,0,0.0,0,0,0.0,33.7,2.2,55.6,CHI,5,0,W,0.0,0.0,0.0
G100072,Damian Lillard,Playoffs,2023-24,1Q,0,0,0.0,1,1,100.0,0,0,0.0,30.6,3.6,50.58,CHI,12,0,W,,,
G100072,Damian Lillard,Playoffs,2024-25,2Q,0,0,0.0,0,0,0.0,0,0,0.0,30.6,3.6,50.58,CHI,12,0,W,,,
G100072,Damian Lillard,Playoffs,2023-24,3Q,1,0,0.0,0,0,0.0,0,0,0.0,30.6,3.6,50.58,CHI,12,0,W,,,
G100072,Damian Lillard,Playoffs,2024-25,4Q,0,0,0.0,1,0,0.0,1,1,100.0,30.6,3.6,50.58,CHI,12,0,W,0.0,0.0,100.0
G100073,Cade Cunningham,Playoffs,2023-24,1Q,1,1,100.0,3,2,66.67,4,3,75.0,29.5,24.7,50.97,IND,-5,0,L,,,
G100073,Cade Cunningham,Playoffs,2024-25,2Q,1,1,100.0,3,3,100.0,2,2,100.0,29.5,24.7,50.97,IND,-5,0,L,,,
G100073,Cade Cunningham,Playoffs,2023-24,3Q,0,0,0.0,2,0,0.0,1,1,100.0,29.5,24.7,50.97,IND,-5,0,L,,,
G100073,Cade Cunningham,Playoffs,2023-24,4Q,4,2,50.0,3,1,33.33,0,0,0.0,29.5,24.7,50.97,IND,-5,0,L,33.33,50.0,0.0
G100074,Jayson Tatum,Playoffs,2023-24,1Q,3,0,0.0,6,3,50.0,4,3,75.0,35.9,33.1,56.73,LAL,2,0,W,,,
G100074,Jayson Tatum,Playoffs,2023-24,2Q,2,1,50.0,1,0,0.0,1,1,100.0,35.9,33.1,56.73,LAL,2,0,W,,,
G100074,Jayson Tatum,Playoffs,2023-24,3Q,1,1,100.0,1,0,0.0,3,2,66.67,35.9,33.1,56.73,LAL,2,0,W,,,
G100074,Jayson Tatum,Playoffs,2024-25,4Q,1,0,0.0,5,2,40.0,1,1,100.0,35.9,33.1,56.73,LAL,2,0,W,40.0,0.0,100.0
G100075,LeBron James,Regular,2023-24,1Q,3,0,0.0,5,3,60.0,2,2,100.0,36.9,27.5,45.0,SAS,-25,0,L,,,
G100075,LeBron James,Regular,2023-24,2Q,2,0,0.0,3,1,33.33,1,1,100.0,36.9,27.5,45.0,SAS,-25,0,L,,,
G100075,LeBron James,Regular,2023-24,3Q,3,3,100.0,1,0,0.0,3,1,33.33,36.9,27.5,45.0,SAS,-25,0,L,,,
G100075,LeBron James,Regular,2023-24,4Q,1,1,100.0,4,0,0.0,3,1,33.33,36.9,27.5,45.0,SAS,-25,0,L,0.0,100.0,33.33
G100076,Jimmy Butler,Regular,2024-25,1Q,1,0,0.0,4,3,75.0,2,1,50.0,15.5,25.6,56.71,ORL,4,1,W,,,
G100076,Jimmy Butler,Regular,2024-25,2Q,2,1,50.0,2,2,100.0,2,2,100.0,15.5,25.6,56.71,ORL,4,1,W,,,
G100076,Jimmy Butler,Regular,2024-25,3Q,0,0,0.0,2,2,100.0,0,0,0.0,15.5,25.6,56.71,ORL,4,1,W,,,
G100076,Jimmy Butler,Regular,2023-24,4Q,3,1,33.33,2,1,50.0,3,3,100.0,15.5,25.6,56.71,ORL,4,1,W,50.0,33.33,100.0
G100077,Paul George,Playoffs,2024-25,1Q,0,0,0.0,2,1,50.0,2,1,50.0,24.3,11.7,44.43,MIN,-5,0,L,,,
G100077,Paul George,Playoffs,2023-24,2Q,2,1,50.0,3,1,33.33,0,0,0.0,24.3,11.7,44.43,MIN,-5,0,L,,,
G100077,Paul George,Playoffs,2023-24,3Q,0,0,0.0,0,0,0.0,2,1,50.0,24.3,11.7,44.43,MIN,-5,0,L,,,
G100077,Paul George,Playoffs,2024-25,4Q,1,0,0.0,1,0,0.0,0,0,0.0,24.3,11.7,44.43,MIN,-5,0,L,0.0,0.0,0.0
G100078,Joel Embiid,Regular,2024-25,1Q,5,3,60.0,4,2,50.0,2,1,50.0,38.3,34.3,43.67,SAC,-6,0,L,,,
G100078,Joel Embiid,Regular,2023-24,2Q,1,0,0.0,3,2,66.67,1,0,0.0,38.3,34.3,43.67,SAC,-6,0,L,,,
G100078,Joel Embiid,Regular,2024-25,3Q,1,0,0.0,5,2,40.0,6,4,66.67,38.3,34.3,43.67,SAC,-6,0,L,,,
G100078,Joel Embiid,Regular,2023-24,4Q,2,0,0.0,6,3,50.0,3,3,100.0,38.3,34.3,43.67,SAC,-6,0,L,50.0,0.0,100.0
G100079,Joel Embiid,Regular,2023-24,1Q,1,0,0.0,3,1,33.33,2,2,100.0,29.0,21.4,43.27,SAC,-2,0,L,,,
G100079,Joel Embiid,Regular,2023-24,2Q,1,1,100.0,3,1,33.33,4,3,75.0,29.0,21.4,43.27,SAC,-2,0,L,,,
G100079,Joel Embiid,Regular,2023-24,3Q,1,1,100.0,0,0,0.0,1,1,100.0,29.0,21.4,43.27,SAC,-2,0,L,,,
G100079,Joel Embiid,Regular,2024-25,4Q,2,0,0.0,6,2,33.33,1,0,0.0,29.0,21.4,43.27,SAC,-2,0,L,33.33,0.0,0.0
G100080,Mikal Bridges,Playoffs,2023-24,1Q,1,1,100.0,1,0,0.0,2,1,50.0,30.9,17.1,53.93,OKC,-4,1,L,,,
G100080,Mikal Bridges,Playoffs,2023-24,2Q,1,1,100.0,1,0,0.0,1,1,100.0,30.9,17.1,53.93,OKC,-4,1,L,,,
G100080,Mikal Bridges,Playoffs,2024-25,3Q,0,0,0.0,2,1,50.0,0,0,0.0,30.9,17.1,53.93,OKC,-4,1,L,,,
G100080,Mikal Bridges,Playoffs,2024-25,4Q,2,2,100.0,3,2,66.67,2,2,100.0,30.9,17.1,53.93,OKC,-4,1,L,66.67,100.0,100.0
G100081,DeMar DeRozan,Regular,2023-24,1Q,0,0,0.0,1,0,0.0,2,2,100.0,27.1,11.0,55.46,NYK,-16,0,L,,,
G100081,DeMar DeRozan,Regular,2024-25,2Q,0,0,0.0,1,1,100.0,0,0,0.0,27.1,11.0,55.46,NYK,-16,0,L,,,
G100081,DeMar DeRozan,Regular,2023-24,3Q,0,0,0.0,0,0,0.0,0,0,0.0,27.1,11.0,55.46,NYK,-16,0,L,,,
G100081,DeMar DeRozan,Regular,2023-24,4Q,3,2,66.67,2,1,50.0,1,1,100.0,27.1,11.0,55.46,NYK,-16,0,L,50.0,66.67,100.0
G100082,Donovan Mitchell,Playoffs,2024-25,1Q,3,1,33.33,3,1,33.33,1,0,0.0,31.2,21.1,56.45,CHA,28,0,W,,,
G100082,Donovan Mitchell,Playoffs,2024-25,2Q,1,0,0.0,4,1,25.0,1,0,0.0,31.2,21.1,56.45,CHA,28,0,W,,,
G100082,Donovan Mitchell,Playoffs,2023-24,3Q,0,0,0.0,1,0,0.0,2,2,100.0,31.2,21.1,56.45,CHA,28,0,W,,,
G100082,Donovan Mitchell,Playoffs,2023-24,4Q,0,0,0.0,1,1,100.0,2,1,50.0,31.2,21.1,56.45,CHA,28,0,W,100.0,0.0,50.0
G100083,Cade Cunningham,Regular,2023-24,1Q,2,2,100.0,0,0,0.0,0,0,0.0,28.3,15.4,47.5,IND,5,1,W,,,
G100083,Cade Cunningham,Regular,2024-25,2Q,0,0,0.0,2,0,0.0,1,1,100.0,28.3,15.4,47.5,IND,5,1,W,,,
G100083,Cade Cunningham,Regular,2024-25,3Q,1,1,100.0,3,2,66.67,1,0,0.0,28.3,15.4,47.5,IND,5,1,W,,,
G100083,Cade Cunningham,Regular,2023-24,4Q,2,0,0.0,2,0,0.0,2,2,100.0,28.3,15.4,47.5,IND,5,1,W,0.0,0.0,100.0
G100084,Karl-Anthony Towns,Regular,2023-24,1Q,0,0,0.0,3,2,66.67,1,0,0.0,32.2,10.1,43.55,DET,-12,0,L,,,
G100084,Karl-Anthony Towns,Regular,2023-24,2Q,1,0,0.0,1,1,100.0,1,1,100.0,32.2,10.1,43.55,DET,-12,0,L,,,
G100084,Karl-Anthony Towns,Regular,2023-24,3Q,0,0,0.0,1,1,100.0,2,0,0.0,32.2,10.1,43.55,DET,-12,0,L,,,
G100084,Karl-Anthony Towns,Regular,2023-24,4Q,1,1,100.0,1,1,100.0,0,0,0.0,32.2,10.1,43.55,DET,-12,0,L,100.0,100.0,0.0
G100085,Jaylen Brown,Playoffs,2023-24,1Q,3,0,0.0,4,1,25.0,1,0,0.0,20.4,24.1,47.65,MIL,3,1,W,,,
G100085,Jaylen Brown,Playoffs,2024-25,2Q,2,1,50.0,2,2,100.0,0,0,0.0,20.4,24.1,47.65,MIL,3,1,W,,,
G100085,Jaylen Brown,Playoffs,2023-24,3Q,0,0,0.0,2,1,50.0,2,2,100.0,20.4,24.1,47.65,MIL,3,1,W,,,
G100085,Jaylen Brown,Playoffs,2023-24,4Q,2,2,100.0,3,3,100.0,4,3,75.0,20.4,24.1,47.65,MIL,3,1,W,100.0,100.0,75.0
G100086,Pascal Siakam,Regular,2023-24,1Q,3,2,66.67,1,0,0.0,0,0,0.0,20.1,13.9,55.63,TOR,-3,1,L,,,
G100086,Pascal Siakam,Regular,2024-25,2Q,1,1,100.0,1,1,100.0,1,1,100.0,20.1,13.9,55.63,TOR,-3,1,L,,,
G100086,Pascal Siakam,Regular,2023-24,3Q,0,0,0.0,2,1,50.0,1,0,0.0,20.1,13.9,55.63,TOR,-3,1,L,,,
G100086,Pascal Siakam,Regular,2023-24,4Q,0,0,0.0,1,0,0.0,1,0,0.0,20.1,13.9,55.63,TOR,-3,1,L,0.0,0.0,0.0
G100087,Jayson Tatum,Playoffs,2023-24,1Q,2,1,50.0,3,3,100.0,3,1,33.33,38.7,33.3,55.06,LAL,7,0,W,,,
G100087,Jayson Tatum,Playoffs,2024-25,2Q,0,0,0.0,7,7,100.0,3,0,0.0,38.7,33.3,55.06,LAL,7,0,W,,,
G100087,Jayson Tatum,Playoffs,2024-25,3Q,2,0,0.0,3,0,0.0,2,1,50.0,38.7,33.3,55.06,LAL,7,0,W,,,
G100087,Jayson Tatum,Playoffs,2024-25,4Q,2,1,50.0,1,1,100.0,2,1,50.0,38.7,33.3,55.06,LAL,7,0,W,100.0,50.0,50.0
G100088,Jalen Brunson,Playoffs,2023-24,1Q,0,0,0.0,1,1,100.0,1,1,100.0,31.8,4.1,44.84,POR,8,0,W,,,
G100088,Jalen Brunson,Playoffs,2023-24,2Q,0,0,0.0,1,1,100.0,0,0,0.0,31.8,4.1,44.84,POR,8,0,W,,,
G100088,Jalen Brunson,Playoffs,2023-24,3Q,1,0,0.0,0,0,0.0,0,0,0.0,31.8,4.1,44.84,POR,8,0,W,,,
G100088,Jalen Brunson,Playoffs,2024-25,4Q,1,1,100.0,0,0,0.0,0,0,0.0,31.8,4.1,44.84,POR,8,0,W,0.0,100.0,0.0
G100089,Nikola Jokić,Regular,2024-25,1Q,0,0,0.0,1,0,0.0,0,0,0.0,35.2,12.5,53.26,BKN,-13,0,L,,,
G100089,Nikola Jokić,Regular,2023-24,2Q,2,1,50.0,2,0,0.0,1,1,100.0,35.2,12.5,53.26,BKN,-13,0,L,,,
G100089,Nikola Jokić,Regular,2023-24,3Q,0,0,0.0,1,0,0.0,2,2,100.0,35.2,12.5,53.26,BKN,-13,0,L,,,
G100089,Nikola Jokić,Regular,2024-25,4Q,1,0,0.0,2,2,100.0,0,0,0.0,35.2,12.5,53.26,BKN,-13,0,L,100.0,0.0,0.0
G100090,Nikola Jokić,Regular,2024-25,1Q,0,0,0.0,1,1,100.0,4,3,75.0,37.5,17.7,47.85,BKN,16,0,W,,,
G100090,Nikola Jokić,Regular,2023-24,2Q,1,1,100.0,2,2,100.0,1,0,0.0,37.5,17.7,47.85,BKN,16,0,W,,,
G100090,Nikola Jokić,Regular,2023-24,3Q,1,0,0.0,3,2,66.67,0,0,0.0,37.5,17.7,47.85,BKN,16,0,W,,,
G100090,Nikola Jokić,Regular,2023-24,4Q,2,1,50.0,2,1,50.0,1,1,100.0,37.5,17.7,47.85,BKN,16,0,W,50.0,50.0,100.0
G100091,Giannis Antetokounmpo,Playoffs,2024-25,1Q,2,0,0.0,0,0,0.0,2,1,50.0,36.5,21.3,45.84,DEN,-9,0,L,,,
G100091,Giannis Antetokounmpo,Playoffs,2023-24,2Q,2,2,100.0,4,1,25.0,4,2,50.0,36.5,21.3,45.84,DEN,-9,0,L,,,
G100091,Giannis Antetokounmpo,Playoffs,2023-24,3Q,1,0,0.0,2,2,100.0,0,0,0.0,36.5,21.3,45.84,DEN,-9,0,L,,,
G100091,Giannis Antetokounmpo,Playoffs,2023-24,4Q,1,0,0.0,4,1,25.0,1,0,0.0,36.5,21.3,45.84,DEN,-9,0,L,25.0,0.0,0.0
G100092,DeMar DeRozan,Regular,2024-25,1Q,0,0,0.0,0,0,0.0,1,0,0.0,36.7,14.8,43.19,NYK,-3,0,L,,,
G100092,DeMar DeRozan,Regular,2023-24,2Q,1,1,100.0,2,1,50.0,2,1,50.0,36.7,14.8,43.19,NYK,-3,0,L,,,
G100092,DeMar DeRozan,Regular,2023-24,3Q,1,1,100.0,4,2,50.0,0,0,0.0,36.7,14.8,43.19,NYK,-3,0,L,,,
G100092,DeMar DeRozan,Regular,2024-25,4Q,2,1,50.0,2,2,100.0,2,2,100.0,36.7,14.8,43.19,NYK,-3,0,L,100.0,50.0,100.0
G100093,Cade Cunningham,Regular,2024-25,1Q,1,0,0.0,3,1,33.33,3,1,33.33,31.7,21.5,51.82,IND,-17,0,L,,,
G100093,Cade Cunningham,Regular,2023-24,2Q,1,0,0.0,4,1,25.0,1,0,0.0,31.7,21.5,51.82,IND,-17,0,L,,,
G100093,Cade Cunningham,Regular,2024-25,3Q,1,1,100.0,0,0,0.0,1,1,100.0,31.7,21.5,51.82,IND,-17,0,L,,,
G100093,Cade Cunningham,Regular,2024-25,4Q,1,1,100.0,3,0,0.0,2,2,100.0,31.7,21.5,51.82,IND,-17,0,L,0.0,100.0,100.0
G100094,Donovan Mitchell,Playoffs,2023-24,1Q,1,0,0.0,3,2,66.67,1,1,100.0,30.9,10.8,47.95,CHA,-2,0,L,,,
G100094,Donovan Mitchell,Playoffs,2023-24,2Q,0,0,0.0,0,0,0.0,2,2,100.0,30.9,10.8,47.95,CHA,-2,0,L,,,
G100094,Donovan Mitchell,Playoffs,2023-24,3Q,2,1,50.0,1,0,0.0,0,0,0.0,30.9,10.8,47.95,CHA,-2,0,L,,,
G100094,Donovan Mitchell,Playoffs,2024-25,4Q,0,0,0.0,1,0,0.0,0,0,0.0,30.9,10.8,47.95,CHA,-2,0,L,0.0,0.0,0.0
G100095,Karl-Anthony Towns,Regular,2024-25,1Q,0,0,0.0,2,0,0.0,0,0,0.0,35.1,13.1,44.65,DET,-2,1,L,,,
G100095,Karl-Anthony Towns,Regular,2024-25,2Q,1,0,0.0,1,1,100.0,1,1,100.0,35.1,13.1,44.65,DET,-2,1,L,,,
G100095,Karl-Anthony Towns,Regular,2023-24,3Q,1,0,0.0,1,1,100.0,3,2,66.67,35.1,13.1,44.65,DET,-2,1,L,,,
G100095,Karl-Anthony Towns,Regular,2023-24,4Q,1,0,0.0,3,2,66.67,1,1,100.0,35.1,13.1,44.65,DET,-2,1,L,66.67,0.0,100.0
G100096,Kevin Durant,Playoffs,2023-24,1Q,1,0,0.0,1,0,0.0,1,0,0.0,39.2,14.3,50.46,UTA,-1,1,L,,,
G100096,Kevin Durant,Playoffs,2023-24,2Q,0,0,0.0,3,2,66.67,2,2,100.0,39.2,14.3,50.46,UTA,-1,1,L,,,
G100096,Kevin Durant,Playoffs,2024-25,3Q,1,1,100.0,1,1,100.0,0,0,0.0,39.2,14.3,50.46,UTA,-1,1,L,,,
G100096,Kevin Durant,Playoffs,2023-24,4Q,1,0,0.0,2,0,0.0,1,1,100.0,39.2,14.3,50.46,UTA,-1,1,L,0.0,0.0,100.0
G100097,Devin Booker,Regular,2024-25,1Q,1,0,0.0,1,1,100.0,1,1,100.0,37.7,12.4,44.06,PHX,-2,1,L,,,
G100097,Devin Booker,Regular,2023-24,2Q,2,0,0.0,0,0,0.0,1,1,100.0,37.7,12.4,44.06,PHX,-2,1,L,,,
G100097,Devin Booker,Regular,2023-24,3Q,0,0,0.0,4,2,50.0,3,2,66.67,37.7,12.4,44.06,PHX,-2,1,L,,,
G100097,Devin Booker,Regular,2024-25,4Q,0,0,0.0,1,1,100.0,0,0,0.0,37.7,12.4,44.06,PHX,-2,1,L,100.0,0.0,0.0
G100098,De'Aaron Fox,Playoffs,2024-25,1Q,3,1,33.33,4,2,50.0,3,2,66.67,41.0,26.2,43.07,GSW,4,0,W,,,
G100098,De'Aaron Fox,Playoffs,2024-25,2Q,2,1,50.0,3,1,33.33,3,3,100.0,41.0,26.2,43.07,GSW,4,0,W,,,
G100098,De'Aaron Fox,Playoffs,2024-25,3Q,1,0,0.0,4,2,50.0,1,1,100.0,41.0,26.2,43.07,GSW,4,0,W,,,
G100098,De'Aaron Fox,Playoffs,2023-24,4Q,3,2,66.67,2,2,100.0,1,1,100.0,41.0,26.2,43.07,GSW,4,0,W,100.0,66.67,100.0
G100099,Anthony Edwards,Playoffs,2023-24,1Q,1,0,0.0,1,0,0.0,1,1,100.0,29.3,13.5,54.51,MEM,4,1,W,,,
G100099,Anthony Edwards,Playoffs,2024-25,2Q,0,0,0.0,3,0,0.0,0,0,0.0,29.3,13.5,54.51,MEM,4,1,W,,,
G100099,Anthony Edwards,Playoffs,2024-25,3Q,1,0,0.0,1,1,100.0,1,1,100.0,29.3,13.5,54.51,MEM,4,1,W,,,
G100099,Anthony Edwards,Playoffs,2024-25,4Q,1,1,100.0,0,0,0.0,2,2,100.0,29.3,13.5,54.51,MEM,4,1,W,0.0,100.0,100.0
G100100,Jimmy Butler,Playoffs,2023-24,1Q,1,0,0.0,2,0,0.0,1,1,100.0,25.2,14.4,55.57,ORL,4,1,W,,,
G100100,Jimmy Butler,Playoffs,2024-25,2Q,2,1,50.0,2,2,100.0,0,0,0.0,25.2,14.4,55.57,ORL,4,1,W,,,
G100100,Jimmy Butler,Playoffs,2024-25,3Q,1,1,100.0,0,0,0.0,0,0,0.0,25.2,14.4,55.57,ORL,4,1,W,,,
G100100,Jimmy Butler,Playoffs,2023-24,4Q,0,0,0.0,1,0,0.0,3,2,66.67,25.2,14.4,55.57,ORL,4,1,W,0.0,0.0,66.67
G100101,Jayson Tatum,Regular,2023-24,1Q,2,1,50.0,4,3,75.0,2,1,50.0,40.3,30.5,53.67,LAL,9,0,W,,,
G100101,Jayson Tatum,Regular,2024-25,2Q,1,0,0.0,5,1,20.0,5,3,60.0,40.3,30.5,53.67,LAL,9,0,W,,,
G100101,Jayson Tatum,Regular,2023-24,3Q,1,1,100.0,3,1,33.33,2,0,0.0,40.3,30.5,53.67,LAL,9,0,W,,,
G100101,Jayson Tatum,Regular,2023-24,4Q,1,0,0.0,2,1,50.0,0,0,0.0,40.3,30.5,53.67,LAL,9,0,W,50.0,0.0,0.0
G100102,Nikola Jokić,Regular,2024-25,1Q,0,0,0.0,2,1,50.0,2,1,50.0,35.0,28.3,52.08,BKN,-13,0,L,,,
G100102,Nikola Jokić,Regular,2023-24,2Q,2,1,50.0,4,2,50.0,3,3,100.0,35.0,28.3,52.08,BKN,-13,0,L,,,
G100102,Nikola Jokić,Regular,2024-25,3Q,2,1,50.0,3,2,66.67,1,1,100.0,35.0,28.3,52.08,BKN,-13,0,L,,,
G100102,Nikola Jokić,Regular,2024-25,4Q,2,1,50.0,4,3,75.0,2,1,50.0,35.0,28.3,52.08,BKN,-13,0,L,75.0,50.0,50.0
G100103,Trae Young,Regular,2024-25,1Q,0,0,0.0,1,0,0.0,0,0,0.0,23.8,8.1,55.08,LAC,2,1,W,,,
G100103,Trae Young,Regular,2023-24,2Q,1,1,100.0,2,2,100.0,2,1,50.0,23.8,8.1,55.08,LAC,2,1,W,,,
G100103,Trae Young,Regular,2023-24,3Q,0,0,0.0,0,0,0.0,0,0,0.0,23.8,8.1,55.08,LAC,2,1,W,,,
G100103,Trae Young,Regular,2024-25,4Q,1,1,100.0,0,0,0.0,0,0,0.0,23.8,8.1,55.08,LAC,2,1,W,0.0,100.0,0.0
G100104,Lauri Markkanen,Regular,2024-25,1Q,0,0,0.0,0,0,0.0,2,2,100.0,26.6,11.2,45.95,CLE,27,0,W,,,
G100104,Lauri Markkanen,Regular,2024-25,2Q,0,0,0.0,1,1,100.0,2,1,50.0,26.6,11.2,45.95,CLE,27,0,W,,,
G100104,Lauri Markkanen,Regular,2023-24,3Q,0,0,0.0,5,3,60.0,0,0,0.0,26.6,11.2,45.95,CLE,27,0,W,,,
G100104,Lauri Markkanen,Regular,2024-25,4Q,2,0,0.0,0,0,0.0,0,0,0.0,26.6,11.2,45.95,CLE,27,0,W,0.0,0.0,0.0
G100105,Lauri Markkanen,Regular,2023-24,1Q,0,0,0.0,1,0,0.0,0,0,0.0,28.6,12.9,47.8,CLE,5,1,W,,,
G100105,Lauri Markkanen,Regular,2023-24,2Q,0,0,0.0,1,0,0.0,1,1,100.0,28.6,12.9,47.8,CLE,5,1,W,,,
G100105,Lauri Markkanen,Regular,2023-24,3Q,2,1,50.0,2,1,50.0,2,1,50.0,28.6,12.9,47.8,CLE,5,1,W,,,
G100105,Lauri Markkanen,Regular,2024-25,4Q,2,1,50.0,1,0,0.0,1,1,100.0,28.6,12.9,47.8,CLE,5,1,W,0.0,50.0,100.0
G100106,Shai Gilgeous-Alexander,Regular,2023-24,1Q,3,0,0.0,5,4,80.0,2,2,100.0,39.4,31.0,45.73,BOS,-2,0,L,,,
G100106,Shai Gilgeous-Alexander,Regular,2024-25,2Q,2,2,100.0,3,2,66.67,2,1,50.0,39.4,31.0,45.73,BOS,-2,0,L,,,
G100106,Shai Gilgeous-Alexander,Regular,2024-25,3Q,1,0,0.0,5,4,80.0,3,1,33.33,39.4,31.0,45.73,BOS,-2,0,L,,,
G100106,Shai Gilgeous-Alexander,Regular,2024-25,4Q,2,1,50.0,2,2,100.0,4,3,75.0,39.4,31.0,45.73,BOS,-2,0,L,100.0,50.0,75.0
G100107,De'Aaron Fox,Regular,2023-24,1Q,3,2,66.67,4,3,75.0,3,1,33.33,37.4,24.3,44.22,GSW,2,0,W,,,
G100107,De'Aaron Fox,Regular,2024-25,2Q,2,1,50.0,2,1,50.0,1,1,100.0,37.4,24.3,44.22,GSW,2,0,W,,,
G100107,De'Aaron Fox,Regular,2023-24,3Q,0,0,0.0,2,2,100.0,1,1,100.0,37.4,24.3,44.22,GSW,2,0,W,,,
G100107,De'Aaron Fox,Regular,2023-24,4Q,2,0,0.0,4,1,25.0,3,2,66.67,37.4,24.3,44.22,GSW,2,0,W,25.0,0.0,66.67
G100108,Nikola Jokić,Regular,2023-24,1Q,0,0,0.0,2,0,0.0,1,1,100.0,36.3,18.4,54.59,BKN,1,1,W,,,
G100108,Nikola Jokić,Regular,2023-24,2Q,0,0,0.0,2,2,100.0,2,1,50.0,36.3,18.4,54.59,BKN,1,1,W,,,
G100108,Nikola Jokić,Regular,2023-24,3Q,1,0,0.0,3,2,66.67,0,0,0.0,36.3,18.4,54.59,BKN,1,1,W,,,
G100108,Nikola Jokić,Regular,2023-24,4Q,2,1,50.0,1,1,100.0,3,1,33.33,36.3,18.4,54.59,BKN,1,1,W,100.0,50.0,33.33
G100109,Jalen Brunson,Regular,2024-25,1Q,1,1,100.0,3,1,33.33,0,0,0.0,22.9,21.5,50.92,POR,-2,1,L,,,
G100109,Jalen Brunson,Regular,2023-24,2Q,0,0,0.0,2,0,0.0,1,0,0.0,22.9,21.5,50.92,POR,-2,1,L,,,
G100109,Jalen Brunson,Regular,2024-25,3Q,1,0,0.0,3,2,66.67,0,0,0.0,22.9,21.5,50.92,POR,-2,1,L,,,
G100109,Jalen Brunson,Regular,2024-25,4Q,5,2,40.0,1,1,100.0,4,3,75.0,22.9,21.5,50.92,POR,-2,1,L,100.0,40.0,75.0
G100110,Mikal Bridges,Playoffs,2024-25,1Q,0,0,0.0,1,1,100.0,0,0,0.0,29.0,12.5,49.2,OKC,-8,0,L,,,
G100110,Mikal Bridges,Playoffs,2023-24,2Q,2,0,0.0,1,0,0.0,0,0,0.0,29.0,12.5,49.2,OKC,-8,0,L,,,
G100110,Mikal Bridges,Playoffs,2023-24,3Q,1,0,0.0,3,1,33.33,1,0,0.0,29.0,12.5,49.2,OKC,-8,0,L,,,
G100110,Mikal Bridges,Playoffs,2024-25,4Q,0,0,0.0,1,0,0.0,3,3,100.0,29.0,12.5,49.2,OKC,-8,0,L,0.0,0.0,100.0
G100111,Giannis Antetokounmpo,Regular,2023-24,1Q,1,1,100.0,0,0,0.0,0,0,0.0,28.9,7.8,55.38,DEN,0,0,L,,,
G100111,Giannis Antetokounmpo,Regular,2024-25,2Q,0,0,0.0,0,0,0.0,0,0,0.0,28.9,7.8,55.38,DEN,0,0,L,,,
G100111,Giannis Antetokounmpo,Regular,2023-24,3Q,1,0,0.0,1,1,100.0,2,2,100.0,28.9,7.8,55.38,DEN,0,0,L,,,
G100111,Giannis Antetokounmpo,Regular,2023-24,4Q,0,0,0.0,2,1,50.0,0,0,0.0,28.9,7.8,55.38,DEN,0,0,L,50.0,0.0,0.0
G100112,Kevin Durant,Playoffs,2023-24,1Q,2,1,50.0,4,4,100.0,0,0,0.0,32.1,19.9,52.22,UTA,20,0,W,,,
G100112,Kevin Durant,Playoffs,2024-25,2Q,1,0,0.0,1,1,100.0,3,2,66.67,32.1,19.9,52.22,UTA,20,0,W,,,
G100112,Kevin Durant,Playoffs,2023-24,3Q,2,0,0.0,1,0,0.0,2,2,100.0,32.1,19.9,52.22,UTA,20,0,W,,,
G100112,Kevin Durant,Playoffs,2024-25,4Q,1,0,0.0,2,2,100.0,0,0,0.0,32.1,19.9,52.22,UTA,20,0,W,100.0,0.0,0.0
G100113,Devin Booker,Regular,2023-24,1Q,1,0,0.0,1,1,100.0,2,2,100.0,33.0,10.3,43.74,PHX,-11,0,L,,,
G100113,Devin Booker,Regular,2024-25,2Q,0,0,0.0,1,1,100.0,1,1,100.0,33.0,10.3,43.74,PHX,-11,0,L,,,
G100113,Devin Booker,Regular,2024-25,3Q,1,0,0.0,1,0,0.0,0,0,0.0,33.0,10.3,43.74,PHX,-11,0,L,,,
G100113,Devin Booker,Regular,2023-24,4Q,1,0,0.0,2,1,50.0,1,1,100.0,33.0,10.3,43.74,PHX,-11,0,L,50.0,0.0,100.0
G100114,Paul George,Playoffs,2023-24,1Q,1,0,0.0,0,0,0.0,0,0,0.0,17.2,2.0,45.26,MIN,5,1,W,,,
G100114,Paul George,Playoffs,2023-24,2Q,0,0,0.0,1,1,100.0,0,0,0.0,17.2,2.0,45.26,MIN,5,1,W,,,
G100114,Paul George,Playoffs,2024-25,3Q,0,0,0.0,0,0,0.0,0,0,0.0,17.2,2.0,45.26,MIN,5,1,W,,,
G100114,Paul George,Playoffs,2023-24,4Q,0,0,0.0,0,0,0.0,0,0,0.0,17.2,2.0,45.26,MIN,5,1,W,0.0,0.0,0.0
G100115,Nikola Jokić,Playoffs,2024-25,1Q,2,0,0.0,2,1,50.0,1,1,100.0,28.2,20.3,50.71,BKN,12,0,W,,,
G100115,Nikola Jokić,Playoffs,2024-25,2Q,2,0,0.0,1,1,100.0,1,0,0.0,28.2,20.3,50.71,BKN,12,0,W,,,
G100115,Nikola Jokić,Playoffs,2024-25,3Q,1,1,100.0,1,1,100.0,2,1,50.0,28.2,20.3,50.71,BKN,12,0,W,,,
G100115,Nikola Jokić,Playoffs,2024-25,4Q,0,0,0.0,5,2,40.0,2,2,100.0,28.2,20.3,50.71,BKN,12,0,W,40.0,0.0,100.0
G100116,Brandon Ingram,Playoffs,2024-25,1Q,0,0,0.0,2,2,100.0,1,0,0.0,34.2,9.6,53.24,HOU,-1,0,L,,,
G100116,Brandon Ingram,Playoffs,2023-24,2Q,2,1,50.0,0,0,0.0,0,0,0.0,34.2,9.6,53.24,HOU,-1,0,L,,,
G100116,Brandon Ingram,Playoffs,2024-25,3Q,1,0,0.0,1,0,0.0,1,0,0.0,34.2,9.6,53.24,HOU,-1,0,L,,,
G100116,Brandon Ingram,Playoffs,2023-24,4Q,0,0,0.0,1,0,0.0,0,0,0.0,34.2,9.6,53.24,HOU,-1,0,L,0.0,0.0,0.0
G100117,Devin Booker,Regular,2024-25,1Q,0,0,0.0,3,1,33.33,1,1,100.0,31.7,21.0,46.72,PHX,0,0,W,,,
G100117,Devin Booker,Regular,2023-24,2Q,3,1,33.33,1,0,0.0,2,0,0.0,31.7,21.0,46.72,PHX,0,0,W,,,
G100117,Devin Booker,Regular,2024-25,3Q,2,0,0.0,4,0,0.0,1,1,100.0,31.7,21.0,46.72,PHX,0,0,W,,,
G100117,Devin Booker,Regular,2024-25,4Q,2,0,0.0,1,0,0.0,2,0,0.0,31.7,21.0,46.72,PHX,0,0,W,0.0,0.0,0.0
G100118,Jayson Tatum,Playoffs,2024-25,1Q,0,0,0.0,0,0,0.0,3,3,100.0,40.3,15.3,43.4,LAL,8,0,W,,,
G100118,Jayson Tatum,Playoffs,2024-25,2Q,2,0,0.0,3,1,33.33,1,1,100.0,40.3,15.3,43.4,LAL,8,0,W,,,
G100118,Jayson Tatum,Playoffs,2024-25,3Q,1,0,0.0,2,2,100.0,0,0,0.0,40.3,15.3,43.4,LAL,8,0,W,,,
G100118,Jayson Tatum,Playoffs,2023-24,4Q,2,0,0.0,3,2,66.67,1,1,100.0,40.3,15.3,43.4,LAL,8,0,W,66.67,0.0,100.0
G100119,Kyrie Irving,Playoffs,2024-25,1Q,1,0,0.0,2,2,100.0,0,0,0.0,24.8,16.8,49.19,MIA,4,1,W,,,
G100119,Kyrie Irving,Playoffs,2023-24,2Q,1,0,0.0,3,2,66.67,1,1,100.0,24.8,16.8,49.19,MIA,4,1,W,,,
G100119,Kyrie Irving,Playoffs,2024-25,3Q,0,0,0.0,2,0,0.0,1,0,0.0,24.8,16.8,49.19,MIA,4,1,W,,,
G100119,Kyrie Irving,Playoffs,2023-24,4Q,2,0,0.0,1,1,100.0,3,1,33.33,24.8,16.8,49.19,MIA,4,1,W,100.0,0.0,33.33
G100120,LeBron James,Playoffs,2024-25,1Q,0,0,0.0,1,0,0.0,2,2,100.0,39.3,19.7,52.4,SAS,6,0,W,,,
G100120,LeBron James,Playoffs,2024-25,2Q,4,1,25.0,6,3,50.0,2,1,50.0,39.3,19.7,52.4,SAS,6,0,W,,,
G100120,LeBron James,Playoffs,2023-24,3Q,0,0,0.0,2,1,50.0,1,1,100.0,39.3,19.7,52.4,SAS,6,0,W,,,
G100120,LeBron James,Playoffs,2023-24,4Q,0,0,0.0,0,0,0.0,1,1,100.0,39.3,19.7,52.4,SAS,6,0,W,0.0,0.0,100.0
G100121,Mikal Bridges,Regular,2023-24,1Q,1,1,100.0,3,2,66.67,0,0,0.0,27.2,10.4,53.72,OKC,2,0,W,,,
G100121,Mikal Bridges,Regular,2023-24,2Q,0,0,0.0,1,1,100.0,1,1,100.0,27.2,10.4,53.72,OKC,2,0,W,,,
G100121,Mikal Bridges,Regular,2023-24,3Q,0,0,0.0,1,1,100.0,1,1,100.0,27.2,10.4,53.72,OKC,2,0,W,,,
G100121,Mikal Bridges,Regular,2024-25,4Q,1,0,0.0,0,0,0.0,1,0,0.0,27.2,10.4,53.72,OKC,2,0,W,0.0,0.0,0.0
G100122,Damian Lillard,Regular,2024-25,1Q,0,0,0.0,1,1,100.0,1,1,100.0,26.6,11.3,56.0,CHI,-4,0,L,,,
G100122,Damian Lillard,Regular,2024-25,2Q,0,0,0.0,0,0,0.0,1,1,100.0,26.6,11.3,56.0,CHI,-4,0,L,,,
G100122,Damian Lillard,Regular,2024-25,3Q,0,0,0.0,2,1,50.0,0,0,0.0,26.6,11.3,56.0,CHI,-4,0,L,,,
G100122,Damian Lillard,Regular,2023-24,4Q,2,1,50.0,2,1,50.0,1,1,100.0,26.6,11.3,56.0,CHI,-4,0,L,50.0,50.0,100.0
G100123,Luka Dončić,Playoffs,2024-25,1Q,4,2,50.0,6,1,16.67,1,0,0.0,28.1,35.3,52.77,DAL,-12,0,L,,,
G100123,Luka Dončić,Playoffs,2024-25,2Q,2,1,50.0,2,0,0.0,2,2,100.0,28.1,35.3,52.77,DAL,-12,0,L,,,
G100123,Luka Dončić,Playoffs,2023-24,3Q,2,1,50.0,0,0,0.0,4,2,50.0,28.1,35.3,52.77,DAL,-12,0,L,,,
G100123,Luka Dončić,Playoffs,2024-25,4Q,2,0,0.0,6,5,83.33,2,2,100.0,28.1,35.3,52.77,DAL,-12,0,L,83.33,0.0,100.0
G100124,Paul George,Playoffs,2024-25,1Q,1,0,0.0,1,0,0.0,0,0,0.0,30.9,20.6,44.19,MIN,-6,0,L,,,
G100124,Paul George,Playoffs,2023-24,2Q,2,2,100.0,1,1,100.0,1,1,100.0,30.9,20.6,44.19,MIN,-6,0,L,,,
G100124,Paul George,Playoffs,2024-25,3Q,1,1,100.0,3,2,66.67,6,3,50.0,30.9,20.6,44.19,MIN,-6,0,L,,,
G100124,Paul George,Playoffs,2023-24,4Q,2,0,0.0,5,3,60.0,0,0,0.0,30.9,20.6,44.19,MIN,-6,0,L,60.0,0.0,0.0
G100125,Brandon Ingram,Regular,2023-24,1Q,0,0,0.0,0,0,0.0,0,0,0.0,28.7,6.9,43.36,HOU,4,0,W,,,
G100125,Brandon Ingram,Regular,2023-24,2Q,1,0,0.0,0,0,0.0,1,0,0.0,28.7,6.9,43.36,HOU,4,0,W,,,
G100125,Brandon Ingram,Regular,2024-25,3Q,1,0,0.0,4,2,50.0,1,1,100.0,28.7,6.9,43.36,HOU,4,0,W,,,
G100125,Brandon Ingram,Regular,2024-25,4Q,0,0,0.0,0,0,0.0,0,0,0.0,28.7,6.9,43.36,HOU,4,0,W,0.0,0.0,0.0
G100126,Nikola Jokić,Regular,2024-25,1Q,2,2,100.0,1,1,100.0,0,0,0.0,26.4,16.6,51.59,BKN,-12,0,L,,,
G100126,Nikola Jokić,Regular,2023-24,2Q,1,0,0.0,2,1,50.0,2,0,0.0,26.4,16.6,51.59,BKN,-12,0,L,,,
G100126,Nikola Jokić,Regular,2024-25,3Q,1,1,100.0,2,0,0.0,1,1,100.0,26.4,16.6,51.59,BKN,-12,0,L,,,
G100126,Nikola Jokić,Regular,2024-25,4Q,1,0,0.0,2,0,0.0,1,1,100.0,26.4,16.6,51.59,BKN,-12,0,L,0.0,0.0,100.0
G100127,Devin Booker,Playoffs,2023-24,1Q,0,0,0.0,1,0,0.0,1,0,0.0,26.9,6.0,44.61,PHX,7,0,W,,,
G100127,Devin Booker,Playoffs,2023-24,2Q,0,0,0.0,1,1,100.0,1,1,100.0,26.9,6.0,44.61,PHX,7,0,W,,,
G100127,Devin Booker,Playoffs,2024-25,3Q,1,1,100.0,0,0,0.0,0,0,0.0,26.9,6.0,44.61,PHX,7,0,W,,,
G100127,Devin Booker,Playoffs,2024-25,4Q,1,0,0.0,1,0,0.0,0,0,0.0,26.9,6.0,44.61,PHX,7,0,W,0.0,0.0,0.0
G100128,Donovan Mitchell,Playoffs,2023-24,1Q,2,0,0.0,5,2,40.0,1,0,0.0,32.9,25.0,47.84,CHA,-5,0,L,,,
G100128,Donovan Mitchell,Playoffs,2024-25,2Q,0,0,0.0,2,0,0.0,1,0,0.0,32.9,25.0,47.84,CHA,-5,0,L,,,
G100128,Donovan Mitchell,Playoffs,2023-24,3Q,3,2,66.67,1,1,100.0,2,1,50.0,32.9,25.0,47.84,CHA,-5,0,L,,,
G100128,Donovan Mitchell,Playoffs,2024-25,4Q,3,2,66.67,3,3,100.0,3,2,66.67,32.9,25.0,47.84,CHA,-5,0,L,100.0,66.67,66.67
G100129,Tyrese Maxey,Playoffs,2024-25,1Q,2,2,100.0,2,2,100.0,2,1,50.0,20.5,22.8,56.31,PHI,-9,0,L,,,
G100129,Tyrese Maxey,Playoffs,2023-24,2Q,0,0,0.0,1,0,0.0,1,1,100.0,20.5,22.8,56.31,PHI,-9,0,L,,,
G100129,Tyrese Maxey,Playoffs,2024-25,3Q,1,0,0.0,3,2,66.67,0,0,0.0,20.5,22.8,56.31,PHI,-9,0,L,,,
G100129,Tyrese Maxey,Playoffs,2024-25,4Q,0,0,0.0,4,2,50.0,4,1,25.0,20.5,22.8,56.31,PHI,-9,0,L,50.0,0.0,25.0
G100130,Jimmy Butler,Regular,2024-25,1Q,0,0,0.0,3,2,66.67,0,0,0.0,15.4,25.2,51.0,ORL,4,1,W,,,
G100130,Jimmy Butler,Regular,2024-25,2Q,2,0,0.0,2,2,100.0,2,1,50.0,15.4,25.2,51.0,ORL,4,1,W,,,
G100130,Jimmy Butler,Regular,2023-24,3Q,2,0,0.0,4,4,100.0,2,0,0.0,15.4,25.2,51.0,ORL,4,1,W,,,
G100130,Jimmy Butler,Regular,2024-25,4Q,1,0,0.0,3,2,66.67,4,4,100.0,15.4,25.2,51.0,ORL,4,1,W,66.67,0.0,100.0
G100131,Mikal Bridges,Regular,2024-25,1Q,4,2,50.0,2,1,50.0,2,0,0.0,32.3,28.7,43.64,OKC,-6,0,L,,,
G100131,Mikal Bridges,Regular,2024-25,2Q,2,0,0.0,2,1,50.0,1,0,0.0,32.3,28.7,43.64,OKC,-6,0,L,,,
G100131,Mikal Bridges,Regular,2023-24,3Q,1,0,0.0,3,3,100.0,3,2,66.67,32.3,28.7,43.64,OKC,-6,0,L,,,
G100131,Mikal Bridges,Regular,2024-25,4Q,4,0,0.0,6,4,66.67,3,3,100.0,32.3,28.7,43.64,OKC,-6,0,L,66.67,0.0,100.0
G100132,Jimmy Butler,Regular,2023-24,1Q,0,0,0.0,4,3,75.0,3,1,33.33,28.2,24.9,49.65,ORL,5,0,W,,,
G100132,Jimmy Butler,Regular,2024-25,2Q,2,1,50.0,5,2,40.0,2,1,50.0,28.2,24.9,49.65,ORL,5,0,W,,,
G100132,Jimmy Butler,Regular,2024-25,3Q,3,1,33.33,0,0,0.0,0,0,0.0,28.2,24.9,49.65,ORL,5,0,W,,,
G100132,Jimmy Butler,Regular,2024-25,4Q,3,1,33.33,1,0,0.0,2,2,100.0,28.2,24.9,49.65,ORL,5,0,W,0.0,33.33,100.0
G100133,Luka Dončić,Regular,2023-24,1Q,1,0,0.0,7,4,57.14,2,1,50.0,32.2,36.3,48.54,DAL,-1,1,L,,,
G100133,Luka Dončić,Regular,2024-25,2Q,4,2,50.0,8,5,62.5,4,2,50.0,32.2,36.3,48.54,DAL,-1,1,L,,,
G100133,Luka Dončić,Regular,2023-24,3Q,2,1,50.0,1,0,0.0,3,2,66.67,32.2,36.3,48.54,DAL,-1,1,L,,,
G100133,Luka Dončić,Regular,2024-25,4Q,0,0,0.0,2,1,50.0,3,3,100.0,32.2,36.3,48.54,DAL,-1,1,L,50.0,0.0,100.0
G100134,Giannis Antetokounmpo,Regular,2024-25,1Q,1,0,0.0,0,0,0.0,1,0,0.0,45.1,20.1,47.03,DEN,-11,0,L,,,
G100134,Giannis Antetokounmpo,Regular,2023-24,2Q,0,0,0.0,4,3,75.0,2,2,100.0,45.1,20.1,47.03,DEN,-11,0,L,,,
G100134,Giannis Antetokounmpo,Regular,2023-24,3Q,2,1,50.0,5,1,20.0,1,1,100.0,45.1,20.1,47.03,DEN,-11,0,L,,,
G100134,Giannis Antetokounmpo,Regular,2023-24,4Q,1,0,0.0,1,0,0.0,3,2,66.67,45.1,20.1,47.03,DEN,-11,0,L,0.0,0.0,66.67
G100135,Tyrese Maxey,Playoffs,2023-24,1Q,0,0,0.0,0,0,0.0,1,1,100.0,28.3,5.2,51.62,PHI,-3,1,L,,,
G100135,Tyrese Maxey,Playoffs,2024-25,2Q,0,0,0.0,0,0,0.0,0,0,0.0,28.3,5.2,51.62,PHI,-3,1,L,,,
G100135,Tyrese Maxey,Playoffs,2024-25,3Q,1,1,100.0,1,1,100.0,1,1,100.0,28.3,5.2,51.62,PHI,-3,1,L,,,
G100135,Tyrese Maxey,Playoffs,2023-24,4Q,0,0,0.0,1,1,100.0,0,0,0.0,28.3,5.2,51.62,PHI,-3,1,L,100.0,0.0,0.0
G100136,Pascal Siakam,Playoffs,2024-25,1Q,0,0,0.0,1,1,100.0,2,1,50.0,28.6,10.9,55.32,TOR,4,1,W,,,
G100136,Pascal Siakam,Playoffs,2023-24,2Q,2,1,50.0,1,1,100.0,0,0,0.0,28.6,10.9,55.32,TOR,4,1,W,,,
G100136,Pascal Siakam,Playoffs,2023-24,3Q,0,0,0.0,1,0,0.0,1,0,0.0,28.6,10.9,55.32,TOR,4,1,W,,,
G100136,Pascal Siakam,Playoffs,2023-24,4Q,0,0,0.0,2,2,100.0,0,0,0.0,28.6,10.9,55.32,TOR,4,1,W,100.0,0.0,0.0
G100137,Devin Booker,Playoffs,2023-24,1Q,1,1,100.0,3,2,66.67,1,1,100.0,37.2,20.1,51.05,PHX,-3,0,L,,,
G100137,Devin Booker,Playoffs,2024-25,2Q,1,1,100.0,3,1,33.33,1,0,0.0,37.2,20.1,51.05,PHX,-3,0,L,,,
G100137,Devin Booker,Playoffs,2023-24,3Q,1,1,100.0,1,0,0.0,1,1,100.0,37.2,20.1,51.05,PHX,-3,0,L,,,
G100137,Devin Booker,Playoffs,2023-24,4Q,1,1,100.0,3,1,33.33,3,1,33.33,37.2,20.1,51.05,PHX,-3,0,L,33.33,100.0,33.33
G100138,Jalen Brunson,Regular,2023-24,1Q,1,0,0.0,2,2,100.0,3,3,100.0,27.4,30.3,50.15,POR,5,1,W,,,
G100138,Jalen Brunson,Regular,2024-25,2Q,3,0,0.0,7,5,71.43,3,2,66.67,27.4,30.3,50.15,POR,5,1,W,,,
G100138,Jalen Brunson,Regular,2023-24,3Q,2,1,50.0,2,1,50.0,2,1,50.0,27.4,30.3,50.15,POR,5,1,W,,,
G100138,Jalen Brunson,Regular,2024-25,4Q,0,0,0.0,4,1,25.0,1,1,100.0,27.4,30.3,50.15,POR,5,1,W,25.0,0.0,100.0
G100139,Tyrese Maxey,Playoffs,2023-24,1Q,2,1,50.0,3,2,66.67,1,1,100.0,24.2,17.7,44.48,PHI,-3,1,L,,,
G100139,Tyrese Maxey,Playoffs,2023-24,2Q,2,0,0.0,2,1,50.0,3,2,66.67,24.2,17.7,44.48,PHI,-3,1,L,,,
G100139,Tyrese Maxey,Playoffs,2024-25,3Q,1,1,100.0,0,0,0.0,0,0,0.0,24.2,17.7,44.48,PHI,-3,1,L,,,
G100139,Tyrese Maxey,Playoffs,2024-25,4Q,1,1,100.0,3,2,66.67,2,2,100.0,24.2,17.7,44.48,PHI,-3,1,L,66.67,100.0,100.0
G100140,Shai Gilgeous-Alexander,Playoffs,2023-24,1Q,2,0,0.0,5,2,40.0,2,2,100.0,33.8,34.0,51.34,BOS,-18,0,L,,,
G100140,Shai Gilgeous-Alexander,Playoffs,2023-24,2Q,3,3,100.0,4,0,0.0,2,0,0.0,33.8,34.0,51.34,BOS,-18,0,L,,,
G100140,Shai Gilgeous-Alexander,Playoffs,2024-25,3Q,1,1,100.0,3,1,33.33,4,4,100.0,33.8,34.0,51.34,BOS,-18,0,L,,,
G100140,Shai Gilgeous-Alexander,Playoffs,2023-24,4Q,2,0,0.0,3,3,100.0,2,2,100.0,33.8,34.0,51.34,BOS,-18,0,L,100.0,0.0,100.0
G100141,Kevin Durant,Playoffs,2024-25,1Q,0,0,0.0,0,0,0.0,0,0,0.0,36.8,8.8,43.5,UTA,1,0,W,,,
G100141,Kevin Durant,Playoffs,2023-24,2Q,0,0,0.0,1,1,100.0,1,1,100.0,36.8,8.8,43.5,UTA,1,0,W,,,
G100141,Kevin Durant,Playoffs,2023-24,3Q,1,1,100.0,2,1,50.0,1,0,0.0,36.8,8.8,43.5,UTA,1,0,W,,,
G100141,Kevin Durant,Playoffs,2023-24,4Q,2,0,0.0,1,0,0.0,1,0,0.0,36.8,8.8,43.5,UTA,1,0,W,0.0,0.0,0.0
G100142,Stephen Curry,Playoffs,2024-25,1Q,1,0,0.0,1,1,100.0,0,0,0.0,19.7,16.8,54.46,WAS,2,0,W,,,
G100142,Stephen Curry,Playoffs,2023-24,2Q,0,0,0.0,1,0,0.0,2,1,50.0,19.7,16.8,54.46,WAS,2,0,W,,,
G100142,Stephen Curry,Playoffs,2023-24,3Q,1,1,100.0,1,1,100.0,1,1,100.0,19.7,16.8,54.46,WAS,2,0,W,,,
G100142,Stephen Curry,Playoffs,2024-25,4Q,1,0,0.0,4,3,75.0,2,2,100.0,19.7,16.8,54.46,WAS,2,0,W,75.0,0.0,100.0
G100143,De'Aaron Fox,Playoffs,2023-24,1Q,0,0,0.0,6,2,33.33,4,3,75.0,31.0,31.0,45.36,GSW,5,0,W,,,
G100143,De'Aaron Fox,Playoffs,2024-25,2Q,3,1,33.33,4,1,25.0,1,1,100.0,31.0,31.0,45.36,GSW,5,0,W,,,
G100143,De'Aaron Fox,Playoffs,2023-24,3Q,4,2,50.0,3,1,33.33,2,0,0.0,31.0,31.0,45.36,GSW,5,0,W,,,
G100143,De'Aaron Fox,Playoffs,2023-24,4Q,3,1,33.33,1,1,100.0,3,3,100.0,31.0,31.0,45.36,GSW,5,0,W,100.0,33.33,100.0
G100144,Donovan Mitchell,Regular,2024-25,1Q,1,1,100.0,4,3,75.0,1,0,0.0,28.3,27.0,44.98,CHA,-1,1,L,,,
G100144,Donovan Mitchell,Regular,2024-25,2Q,6,3,50.0,2,0,0.0,1,0,0.0,28.3,27.0,44.98,CHA,-1,1,L,,,
G100144,Donovan Mitchell,Regular,2024-25,3Q,1,0,0.0,4,3,75.0,5,2,40.0,28.3,27.0,44.98,CHA,-1,1,L,,,
G100144,Donovan Mitchell,Regular,2023-24,4Q,1,1,100.0,3,1,33.33,1,1,100.0,28.3,27.0,44.98,CHA,-1,1,L,33.33,100.0,100.0
G100145,Stephen Curry,Regular,2023-24,1Q,2,0,0.0,3,2,66.67,1,1,100.0,17.4,33.1,43.35,WAS,-1,1,L,,,
G100145,Stephen Curry,Regular,2024-25,2Q,1,0,0.0,4,1,25.0,2,1,50.0,17.4,33.1,43.35,WAS,-1,1,L,,,
G100145,Stephen Curry,Regular,2023-24,3Q,4,3,75.0,2,1,50.0,2,0,0.0,17.4,33.1,43.35,WAS,-1,1,L,,,
G100145,Stephen Curry,Regular,2023-24,4Q,4,3,75.0,7,2,28.57,6,4,66.67,17.4,33.1,43.35,WAS,-1,1,L,28.57,75.0,66.67
G100146,Luka Dončić,Regular,2023-24,1Q,4,3,75.0,7,3,42.86,2,1,50.0,28.8,32.5,46.18,DAL,6,0,W,,,
G100146,Luka Dončić,Regular,2023-24,2Q,2,1,50.0,2,0,0.0,4,2,50.0,28.8,32.5,46.18,DAL,6,0,W,,,
G100146,Luka Dončić,Regular,2024-25,3Q,2,1,50.0,3,3,100.0,2,1,50.0,28.8,32.5,46.18,DAL,6,0,W,,,
G100146,Luka Dončić,Regular,2023-24,4Q,2,2,100.0,3,1,33.33,2,2,100.0,28.8,32.5,46.18,DAL,6,0,W,33.33,100.0,100.0
G100147,Paul George,Playoffs,2023-24,1Q,2,0,0.0,1,0,0.0,0,0,0.0,19.4,7.9,56.54,MIN,0,0,W,,,
G100147,Paul George,Playoffs,2023-24,2Q,0,0,0.0,1,1,100.0,1,1,100.0,19.4,7.9,56.54,MIN,0,0,W,,,
G100147,Paul George,Playoffs,2024-25,3Q,0,0,0.0,1,1,100.0,0,0,0.0,19.4,7.9,56.54,MIN,0,0,W,,,
G100147,Paul George,Playoffs,2024-25,4Q,0,0,0.0,0,0,0.0,1,0,0.0,19.4,7.9,56.54,MIN,0,0,W,0.0,0.0,0.0
G100148,Luka Dončić,Regular,2024-25,1Q,2,0,0.0,4,2,50.0,2,1,50.0,39.0,22.7,52.08,DAL,20,0,W,,,
G100148,Luka Dončić,Regular,2024-25,2Q,0,0,0.0,3,1,33.33,3,2,66.67,39.0,22.7,52.08,DAL,20,0,W,,,
G100148,Luka Dončić,Regular,2023-24,3Q,1,1,100.0,2,0,0.0,1,1,100.0,39.0,22.7,52.08,DAL,20,0,W,,,
G100148,Luka Dončić,Regular,2024-25,4Q,1,0,0.0,2,1,50.0,1,1,100.0,39.0,22.7,52.08,DAL,20,0,W,50.0,0.0,100.0
G100149,Lauri Markkanen,Playoffs,2024-25,1Q,1,0,0.0,1,1,100.0,1,1,100.0,28.8,11.6,47.24,CLE,-14,0,L,,,
G100149,Lauri Markkanen,Playoffs,2024-25,2Q,1,1,100.0,2,2,100.0,2,2,100.0,28.8,11.6,47.24,CLE,-14,0,L,,,
G100149,Lauri Markkanen,Playoffs,2023-24,3Q,0,0,0.0,2,2,100.0,1,1,100.0,28.8,11.6,47.24,CLE,-14,0,L,,,
G100149,Lauri Markkanen,Playoffs,2024-25,4Q,1,0,0.0,0,0,0.0,0,0,0.0,28.8,11.6,47.24,CLE,-14,0,L,0.0,0.0,0.0
G100150,Joel Embiid,Regular,2024-25,1Q,0,0,0.0,6,1,16.67,3,3,100.0,36.8,30.6,47.59,SAC,-5,0,L,,,
G100150,Joel Embiid,Regular,2023-24,2Q,3,1,33.33,0,0,0.0,2,2,100.0,36.8,30.6,47.59,SAC,-5,0,L,,,
G100150,Joel Embiid,Regular,2024-25,3Q,2,0,0.0,4,3,75.0,1,1,100.0,36.8,30.6,47.59,SAC,-5,0,L,,,
G100150,Joel Embiid,Regular,2023-24,4Q,4,1,25.0,4,2,50.0,3,3,100.0,36.8,30.6,47.59,SAC,-5,0,L,50.0,25.0,100.0
G100151,Luka Dončić,Regular,2023-24,1Q,1,1,100.0,3,1,33.33,2,1,50.0,38.3,31.0,48.9,DAL,7,0,W,,,
G100151,Luka Dončić,Regular,2024-25,2Q,2,1,50.0,3,1,33.33,1,1,100.0,38.3,31.0,48.9,DAL,7,0,W,,,
G100151,Luka Dončić,Regular,2024-25,3Q,2,0,0.0,3,3,100.0,4,3,75.0,38.3,31.0,48.9,DAL,7,0,W,,,
G100151,Luka Dončić,Regular,2024-25,4Q,1,0,0.0,7,2,28.57,3,3,100.0,38.3,31.0,48.9,DAL,7,0,W,28.57,0.0,100.0
G100152,Mikal Bridges,Regular,2024-25,1Q,4,1,25.0,3,2,66.67,3,0,0.0,23.4,24.3,44.12,OKC,-2,0,L,,,
G100152,Mikal Bridges,Regular,2024-25,2Q,1,0,0.0,4,3,75.0,2,2,100.0,23.4,24.3,44.12,OKC,-2,0,L,,,
G100152,Mikal Bridges,Regular,2024-25,3Q,1,1,100.0,2,2,100.0,3,1,33.33,23.4,24.3,44.12,OKC,-2,0,L,,,
G100152,Mikal Bridges,Regular,2023-24,4Q,2,0,0.0,3,2,66.67,0,0,0.0,23.4,24.3,44.12,OKC,-2,0,L,66.67,0.0,0.0
G100153,Giannis Antetokounmpo,Regular,2024-25,1Q,1,1,100.0,4,3,75.0,3,2,66.67,34.2,25.9,55.39,DEN,11,0,W,,,
G100153,Giannis Antetokounmpo,Regular,2023-24,2Q,2,0,0.0,1,0,0.0,3,1,33.33,34.2,25.9,55.39,DEN,11,0,W,,,
G100153,Giannis Antetokounmpo,Regular,2023-24,3Q,0,0,0.0,5,2,40.0,1,0,0.0,34.2,25.9,55.39,DEN,11,0,W,,,
G100153,Giannis Antetokounmpo,Regular,2024-25,4Q,1,1,100.0,1,0,0.0,1,0,0.0,34.2,25.9,55.39,DEN,11,0,W,0.0,100.0,0.0
G100154,Damian Lillard,Regular,2024-25,1Q,1,0,0.0,0,0,0.0,0,0,0.0,30.7,8.9,53.59,CHI,-4,0,L,,,
G100154,Damian Lillard,Regular,2024-25,2Q,0,0,0.0,0,0,0.0,0,0,0.0,30.7,8.9,53.59,CHI,-4,0,L,,,
G100154,Damian Lillard,Regular,2023-24,3Q,1,1,100.0,1,1,100.0,1,1,100.0,30.7,8.9,53.59,CHI,-4,0,L,,,
G100154,Damian Lillard,Regular,2024-25,4Q,0,0,0.0,3,2,66.67,1,1,100.0,30.7,8.9,53.59,CHI,-4,0,L,66.67,0.0,100.0
G100155,Anthony Edwards,Regular,2024-25,1Q,1,1,100.0,2,1,50.0,1,0,0.0,21.6,18.2,56.71,MEM,10,0,W,,,
G100155,Anthony Edwards,Regular,2024-25,2Q,2,1,50.0,3,3,100.0,1,1,100.0,21.6,18.2,56.71,MEM,10,0,W,,,
G100155,Anthony Edwards,Regular,2024-25,3Q,1,0,0.0,2,1,50.0,1,0,0.0,21.6,18.2,56.71,MEM,10,0,W,,,
G100155,Anthony Edwards,Regular,2024-25,4Q,0,0,0.0,0,0,0.0,2,2,100.0,21.6,18.2,56.71,MEM,10,0,W,0.0,0.0,100.0
G100156,Jalen Brunson,Regular,2023-24,1Q,0,0,0.0,5,1,20.0,3,2,66.67,33.4,16.1,46.18,POR,3,1,W,,,
G100156,Jalen Brunson,Regular,2023-24,2Q,2,0,0.0,1,0,0.0,1,1,100.0,33.4,16.1,46.18,POR,3,1,W,,,
G100156,Jalen Brunson,Regular,2023-24,3Q,0,0,0.0,0,0,0.0,1,1,100.0,33.4,16.1,46.18,POR,3,1,W,,,
G100156,Jalen Brunson,Regular,2024-25,4Q,1,1,100.0,2,2,100.0,1,0,0.0,33.4,16.1,46.18,POR,3,1,W,100.0,100.0,0.0
G100157,Lauri Markkanen,Regular,2024-25,1Q,0,0,0.0,0,0,0.0,0,0,0.0,25.3,0.9,55.42,CLE,-5,0,L,,,
G100157,Lauri Markkanen,Regular,2024-25,2Q,0,0,0.0,0,0,0.0,0,0,0.0,25.3,0.9,55.42,CLE,-5,0,L,,,
G100157,Lauri Markkanen,Regular,2024-25,3Q,0,0,0.0,0,0,0.0,1,1,100.0,25.3,0.9,55.42,CLE,-5,0,L,,,
G100157,Lauri Markkanen,Regular,2023-24,4Q,0,0,0.0,0,0,0.0,0,0,0.0,25.3,0.9,55.42,CLE,-5,0,L,0.0,0.0,0.0
G100158,Jaylen Brown,Regular,2024-25,1Q,3,1,33.33,0,0,0.0,0,0,0.0,21.2,11.6,46.91,MIL,-2,0,L,,,
G100158,Jaylen Brown,Regular,2023-24,2Q,0,0,0.0,2,1,50.0,1,1,100.0,21.2,11.6,46.91,MIL,-2,0,L,,,
G100158,Jaylen Brown,Regular,2024-25,3Q,0,0,0.0,1,0,0.0,1,0,0.0,21.2,11.6,46.91,MIL,-2,0,L,,,
G100158,Jaylen Brown,Regular,2023-24,4Q,0,0,0.0,3,1,33.33,1,1,100.0,21.2,11.6,46.91,MIL,-2,0,L,33.33,0.0,100.0
G100159,LeBron James,Playoffs,2024-25,1Q,2,1,50.0,3,1,33.33,4,2,50.0,32.1,35.5,53.26,SAS,-2,1,L,,,
G100159,LeBron James,Playoffs,2024-25,2Q,3,1,33.33,2,1,50.0,2,2,100.0,32.1,35.5,53.26,SAS,-2,1,L,,,
G100159,LeBron James,Playoffs,2024-25,3Q,3,2,66.67,7,4,57.14,2,2,100.0,32.1,35.5,53.26,SAS,-2,1,L,,,
G100159,LeBron James,Playoffs,2024-25,4Q,3,2,66.67,1,1,100.0,1,0,0.0,32.1,35.5,53.26,SAS,-2,1,L,100.0,66.67,0.0
G100160,Bam Adebayo,Playoffs,2024-25,1Q,1,1,100.0,3,2,66.67,1,1,100.0,23.2,21.1,55.09,NOP,-3,1,L,,,
G100160,Bam Adebayo,Playoffs,2023-24,2Q,2,0,0.0,2,1,50.0,1,1,100.0,23.2,21.1,55.09,NOP,-3,1,L,,,
G100160,Bam Adebayo,Playoffs,2024-25,3Q,1,1,100.0,1,1,100.0,3,2,66.67,23.2,21.1,55.09,NOP,-3,1,L,,,
G100160,Bam Adebayo,Playoffs,2024-25,4Q,0,0,0.0,3,3,100.0,1,1,100.0,23.2,21.1,55.09,NOP,-3,1,L,100.0,0.0,100.0
G100161,Devin Booker,Playoffs,2023-24,1Q,2,0,0.0,1,0,0.0,2,1,50.0,27.6,25.5,56.77,PHX,0,0,L,,,
G100161,Devin Booker,Playoffs,2023-24,2Q,1,0,0.0,4,2,50.0,2,1,50.0,27.6,25.5,56.77,PHX,0,0,L,,,
G100161,Devin Booker,Playoffs,2024-25,3Q,1,0,0.0,1,0,0.0,1,0,0.0,27.6,25.5,56.77,PHX,0,0,L,,,
G100161,Devin Booker,Playoffs,2024-25,4Q,1,0,0.0,4,1,25.0,2,1,50.0,27.6,25.5,56.77,PHX,0,0,L,25.0,0.0,50.0
G100162,Nikola Jokić,Playoffs,2023-24,1Q,2,1,50.0,2,1,50.0,2,0,0.0,27.1,14.8,50.08,BKN,2,0,W,,,
G100162,Nikola Jokić,Playoffs,2024-25,2Q,1,0,0.0,1,0,0.0,0,0,0.0,27.1,14.8,50.08,BKN,2,0,W,,,
G100162,Nikola Jokić,Playoffs,2023-24,3Q,0,0,0.0,0,0,0.0,1,0,0.0,27.1,14.8,50.08,BKN,2,0,W,,,
G100162,Nikola Jokić,Playoffs,2024-25,4Q,1,0,0.0,3,2,66.67,2,2,100.0,27.1,14.8,50.08,BKN,2,0,W,66.67,0.0,100.0
G100163,Anthony Edwards,Regular,2024-25,1Q,2,0,0.0,2,1,50.0,2,1,50.0,24.0,24.5,50.97,MEM,2,0,W,,,
G100163,Anthony Edwards,Regular,2023-24,2Q,0,0,0.0,2,2,100.0,1,0,0.0,24.0,24.5,50.97,MEM,2,0,W,,,
G100163,Anthony Edwards,Regular,2024-25,3Q,2,2,100.0,2,0,0.0,1,1,100.0,24.0,24.5,50.97,MEM,2,0,W,,,
G100163,Anthony Edwards,Regular,2024-25,4Q,3,0,0.0,4,2,50.0,3,2,66.67,24.0,24.5,50.97,MEM,2,0,W,50.0,0.0,66.67
G100164,Damian Lillard,Playoffs,2023-24,1Q,1,0,0.0,0,0,0.0,2,1,50.0,36.9,10.0,44.46,CHI,-9,0,L,,,
G100164,Damian Lillard,Playoffs,2024-25,2Q,0,0,0.0,2,1,50.0,1,0,0.0,36.9,10.0,44.46,CHI,-9,0,L,,,
G100164,Damian Lillard,Playoffs,2024-25,3Q,0,0,0.0,2,1,50.0,0,0,0.0,36.9,10.0,44.46,CHI,-9,0,L,,,
G100164,Damian Lillard,Playoffs,2023-24,4Q,1,0,0.0,1,0,0.0,1,0,0.0,36.9,10.0,44.46,CHI,-9,0,L,0.0,0.0,0.0
G100165,Jimmy Butler,Playoffs,2024-25,1Q,5,0,0.0,3,1,33.33,2,2,100.0,24.3,28.3,54.71,ORL,5,0,W,,,
G100165,Jimmy Butler,Playoffs,2023-24,2Q,0,0,0.0,3,0,0.0,4,3,75.0,24.3,28.3,54.71,ORL,5,0,W,,,
G100165,Jimmy Butler,Playoffs,2024-25,3Q,2,1,50.0,1,1,100.0,1,1,100.0,24.3,28.3,54.71,ORL,5,0,W,,,
G100165,Jimmy Butler,Playoffs,2024-25,4Q,1,0,0.0,4,4,100.0,0,0,0.0,24.3,28.3,54.71,ORL,5,0,W,100.0,0.0,0.0
G100166,Bam Adebayo,Regular,2024-25,1Q,1,1,100.0,2,2,100.0,2,2,100.0,19.8,16.1,52.18,NOP,1,0,W,,,
G100166,Bam Adebayo,Regular,2023-24,2Q,1,0,0.0,1,0,0.0,2,1,50.0,19.8,16.1,52.18,NOP,1,0,W,,,
G100166,Bam Adebayo,Regular,2024-25,3Q,1,0,0.0,1,1,100.0,0,0,0.0,19.8,16.1,52.18,NOP,1,0,W,,,
G100166,Bam Adebayo,Regular,2023-24,4Q,0,0,0.0,3,2,66.67,1,1,100.0,19.8,16.1,52.18,NOP,1,0,W,66.67,0.0,100.0
G100167,Shai Gilgeous-Alexander,Playoffs,2023-24,1Q,2,1,50.0,5,1,20.0,1,1,100.0,37.2,39.6,43.24,BOS,25,0,W,,,
G100167,Shai Gilgeous-Alexander,Playoffs,2023-24,2Q,3,0,0.0,6,4,66.67,6,6,100.0,37.2,39.6,43.24,BOS,25,0,W,,,
G100167,Shai Gilgeous-Alexander,Playoffs,2023-24,3Q,1,0,0.0,5,3,60.0,4,2,50.0,37.2,39.6,43.24,BOS,25,0,W,,,
G100167,Shai Gilgeous-Alexander,Playoffs,2023-24,4Q,2,1,50.0,7,3,42.86,4,2,50.0,37.2,39.6,43.24,BOS,25,0,W,42.86,50.0,50.0
G100168,Jaylen Brown,Regular,2023-24,1Q,1,0,0.0,4,2,50.0,3,3,100.0,17.0,22.0,45.33,MIL,2,0,W,,,
G100168,Jaylen Brown,Regular,2024-25,2Q,1,0,0.0,1,1,100.0,1,1,100.0,17.0,22.0,45.33,MIL,2,0,W,,,
G100168,Jaylen Brown,Regular,2024-25,3Q,2,1,50.0,1,1,100.0,3,1,33.33,17.0,22.0,45.33,MIL,2,0,W,,,
G100168,Jaylen Brown,Regular,2024-25,4Q,3,1,33.33,4,3,75.0,0,0,0.0,17.0,22.0,45.33,MIL,2,0,W,75.0,33.33,0.0
G100169,Giannis Antetokounmpo,Regular,2024-25,1Q,0,0,0.0,1,0,0.0,2,0,0.0,34.8,21.9,52.48,DEN,-26,0,L,,,
G100169,Giannis Antetokounmpo,Regular,2024-25,2Q,1,0,0.0,1,0,0.0,0,0,0.0,34.8,21.9,52.48,DEN,-26,0,L,,,
G100169,Giannis Antetokounmpo,Regular,2024-25,3Q,1,0,0.0,4,2,50.0,1,0,0.0,34.8,21.9,52.48,DEN,-26,0,L,,,
G100169,Giannis Antetokounmpo,Regular,2024-25,4Q,3,2,66.67,4,0,0.0,3,3,100.0,34.8,21.9,52.48,DEN,-26,0,L,0.0,66.67,100.0
G100170,Joel Embiid,Playoffs,2023-24,1Q,2,2,100.0,2,2,100.0,1,1,100.0,36.7,24.1,54.18,SAC,-6,0,L,,,
G100170,Joel Embiid,Playoffs,2024-25,2Q,2,1,50.0,3,1,33.33,1,1,100.0,36.7,24.1,54.18,SAC,-6,0,L,,,
G100170,Joel Embiid,Playoffs,2024-25,3Q,0,0,0.0,3,2,66.67,3,1,33.33,36.7,24.1,54.18,SAC,-6,0,L,,,
G100170,Joel Embiid,Playoffs,2024-25,4Q,0,0,0.0,3,2,66.67,2,1,50.0,36.7,24.1,54.18,SAC,-6,0,L,66.67,0.0,50.0
G100171,Donovan Mitchell,Playoffs,2024-25,1Q,1,0,0.0,4,0,0.0,2,2,100.0,30.5,22.2,54.48,CHA,7,0,W,,,
G100171,Donovan Mitchell,Playoffs,2023-24,2Q,1,0,0.0,3,2,66.67,0,0,0.0,30.5,22.2,54.48,CHA,7,0,W,,,
G100171,Donovan Mitchell,Playoffs,2024-25,3Q,3,2,66.67,1,1,100.0,3,3,100.0,30.5,22.2,54.48,CHA,7,0,W,,,
G100171,Donovan Mitchell,Playoffs,2023-24,4Q,2,0,0.0,0,0,0.0,0,0,0.0,30.5,22.2,54.48,CHA,7,0,W,0.0,0.0,0.0
G100172,Jalen Brunson,Regular,2023-24,1Q,1,1,100.0,1,0,0.0,1,1,100.0,30.5,17.0,54.8,POR,2,0,W,,,
G100172,Jalen Brunson,Regular,2023-24,2Q,1,1,100.0,2,1,50.0,1,1,100.0,30.5,17.0,54.8,POR,2,0,W,,,
G100172,Jalen Brunson,Regular,2024-25,3Q,0,0,0.0,1,0,0.0,3,3,100.0,30.5,17.0,54.8,POR,2,0,W,,,
G100172,Jalen Brunson,Regular,2024-25,4Q,2,2,100.0,3,2,66.67,0,0,0.0,30.5,17.0,54.8,POR,2,0,W,66.67,100.0,0.0
G100173,Jalen Brunson,Regular,2024-25,1Q,0,0,0.0,2,0,0.0,1,1,100.0,31.5,15.4,53.67,POR,-1,1,L,,,
G100173,Jalen Brunson,Regular,2024-25,2Q,0,0,0.0,2,0,0.0,1,1,100.0,31.5,15.4,53.67,POR,-1,1,L,,,
G100173,Jalen Brunson,Regular,2023-24,3Q,2,0,0.0,0,0,0.0,1,0,0.0,31.5,15.4,53.67,POR,-1,1,L,,,
G100173,Jalen Brunson,Regular,2023-24,4Q,1,1,100.0,3,2,66.67,1,0,0.0,31.5,15.4,53.67,POR,-1,1,L,66.67,100.0,0.0
G100174,Kyrie Irving,Playoffs,2023-24,1Q,2,1,50.0,1,1,100.0,3,0,0.0,27.9,21.8,54.21,MIA,10,0,W,,,
G100174,Kyrie Irving,Playoffs,2023-24,2Q,1,0,0.0,2,1,50.0,1,1,100.0,27.9,21.8,54.21,MIA,10,0,W,,,
G100174,Kyrie Irving,Playoffs,2024-25,3Q,1,0,0.0,2,1,50.0,2,2,100.0,27.9,21.8,54.21,MIA,10,0,W,,,
G100174,Kyrie Irving,Playoffs,2024-25,4Q,1,0,0.0,4,2,50.0,0,0,0.0,27.9,21.8,54.21,MIA,10,0,W,50.0,0.0,0.0
G100175,Tyrese Maxey,Playoffs,2024-25,1Q,1,1,100.0,0,0,0.0,2,0,0.0,23.7,7.0,53.05,PHI,-1,0,L,,,
G100175,Tyrese Maxey,Playoffs,2024-25,2Q,0,0,0.0,1,0,0.0,0,0,0.0,23.7,7.0,53.05,PHI,-1,0,L,,,
G100175,Tyrese Maxey,Playoffs,2024-25,3Q,1,0,0.0,0,0,0.0,0,0,0.0,23.7,7.0,53.05,PHI,-1,0,L,,,
G100175,Tyrese Maxey,Playoffs,2023-24,4Q,0,0,0.0,2,2,100.0,0,0,0.0,23.7,7.0,53.05,PHI,-1,0,L,100.0,0.0,0.0
G100176,DeMar DeRozan,Playoffs,2023-24,1Q,2,1,50.0,3,3,100.0,2,2,100.0,36.5,18.3,45.05,NYK,16,0,W,,,
G100176,DeMar DeRozan,Playoffs,2023-24,2Q,1,0,0.0,2,1,50.0,2,1,50.0,36.5,18.3,45.05,NYK,16,0,W,,,
G100176,DeMar DeRozan,Playoffs,2023-24,3Q,0,0,0.0,2,2,100.0,1,1,100.0,36.5,18.3,45.05,NYK,16,0,W,,,
G100176,DeMar DeRozan,Playoffs,2023-24,4Q,1,1,100.0,3,2,66.67,1,0,0.0,36.5,18.3,45.05,NYK,16,0,W,66.67,100.0,0.0
G100177,Jaylen Brown,Regular,2024-25,1Q,2,0,0.0,2,2,100.0,2,2,100.0,17.7,21.7,56.05,MIL,8,0,W,,,
G100177,Jaylen Brown,Regular,2023-24,2Q,0,0,0.0,2,2,100.0,1,0,0.0,17.7,21.7,56.05,MIL,8,0,W,,,
G100177,Jaylen Brown,Regular,2023-24,3Q,2,0,0.0,1,1,100.0,2,1,50.0,17.7,21.7,56.05,MIL,8,0,W,,,
G100177,Jaylen Brown,Regular,2024-25,4Q,1,1,100.0,3,1,33.33,1,1,100.0,17.7,21.7,56.05,MIL,8,0,W,33.33,100.0,100.0
G100178,Damian Lillard,Playoffs,2024-25,1Q,1,0,0.0,1,0,0.0,1,0,0.0,33.5,11.6,55.25,CHI,7,0,W,,,
G100178,Damian Lillard,Playoffs,2024-25,2Q,0,0,0.0,2,1,50.0,0,0,0.0,33.5,11.6,55.25,CHI,7,0,W,,,
G100178,Damian Lillard,Playoffs,2023-24,3Q,1,1,100.0,0,0,0.0,1,1,100.0,33.5,11.6,55.25,CHI,7,0,W,,,
G100178,Damian Lillard,Playoffs,2023-24,4Q,0,0,0.0,2,2,100.0,1,1,100.0,33.5,11.6,55.25,CHI,7,0,W,100.0,0.0,100.0
G100179,Bam Adebayo,Regular,2023-24,1Q,0,0,0.0,0,0,0.0,1,1,100.0,18.0,1.0,49.86,NOP,3,0,W,,,
G100179,Bam Adebayo,Regular,2024-25,2Q,0,0,0.0,0,0,0.0,0,0,0.0,18.0,1.0,49.86,NOP,3,0,W,,,
G100179,Bam Adebayo,Regular,2023-24,3Q,0,0,0.0,0,0,0.0,0,0,0.0,18.0,1.0,49.86,NOP,3,0,W,,,
G100179,Bam Adebayo,Regular,2023-24,4Q,0,0,0.0,0,0,0.0,0,0,0.0,18.0,1.0,49.86,NOP,3,0,W,0.0,0.0,0.0
G100180,Jalen Brunson,Regular,2024-25,1Q,0,0,0.0,2,1,50.0,1,1,100.0,24.8,21.4,49.81,POR,1,0,W,,,
G100180,Jalen Brunson,Regular,2023-24,2Q,1,0,0.0,1,0,0.0,0,0,0.0,24.8,21.4,49.81,POR,1,0,W,,,
G100180,Jalen Brunson,Regular,2023-24,3Q,4,1,25.0,3,1,33.33,2,2,100.0,24.8,21.4,49.81,POR,1,0,W,,,
G100180,Jalen Brunson,Regular,2023-24,4Q,0,0,0.0,4,2,50.0,3,3,100.0,24.8,21.4,49.81,POR,1,0,W,50.0,0.0,100.0
G100181,Kevin Durant,Regular,2023-24,1Q,1,0,0.0,0,0,0.0,0,0,0.0,37.2,10.2,55.24,UTA,-10,0,L,,,
G100181,Kevin Durant,Regular,2024-25,2Q,0,0,0.0,0,0,0.0,0,0,0.0,37.2,10.2,55.24,UTA,-10,0,L,,,
G100181,Kevin Durant,Regular,2023-24,3Q,1,0,0.0,2,1,50.0,3,1,33.33,37.2,10.2,55.24,UTA,-10,0,L,,,
G100181,Kevin Durant,Regular,2024-25,4Q,0,0,0.0,2,0,0.0,0,0,0.0,37.2,10.2,55.24,UTA,-10,0,L,0.0,0.0,0.0
G100182,Jalen Brunson,Regular,2023-24,1Q,0,0,0.0,3,1,33.33,0,0,0.0,29.9,20.5,50.14,POR,9,0,W,,,
G100182,Jalen Brunson,Regular,2023-24,2Q,1,1,100.0,2,1,50.0,1,1,100.0,29.9,20.5,50.14,POR,9,0,W,,,
G100182,Jalen Brunson,Regular,2023-24,3Q,1,0,0.0,1,0,0.0,3,2,66.67,29.9,20.5,50.14,POR,9,0,W,,,
G100182,Jalen Brunson,Regular,2024-25,4Q,2,0,0.0,3,2,66.67,3,1,33.33,29.9,20.5,50.14,POR,9,0,W,66.67,0.0,33.33
G100183,Paul George,Regular,2024-25,1Q,0,0,0.0,2,2,100.0,0,0,0.0,20.9,15.2,47.22,MIN,-7,0,L,,,
G100183,Paul George,Regular,2024-25,2Q,0,0,0.0,5,2,40.0,0,0,0.0,20.9,15.2,47.22,MIN,-7,0,L,,,
G100183,Paul George,Regular,2023-24,3Q,1,1,100.0,0,0,0.0,3,0,0.0,20.9,15.2,47.22,MIN,-7,0,L,,,
G100183,Paul George,Regular,2024-25,4Q,2,1,50.0,1,1,100.0,2,0,0.0,20.9,15.2,47.22,MIN,-7,0,L,100.0,50.0,0.0
G100184,Kevin Durant,Playoffs,2023-24,1Q,2,0,0.0,3,1,33.33,2,2,100.0,41.0,18.3,53.96,UTA,-15,0,L,,,
G100184,Kevin Durant,Playoffs,2024-25,2Q,0,0,0.0,1,0,0.0,1,1,100.0,41.0,18.3,53.96,UTA,-15,0,L,,,
G100184,Kevin Durant,Playoffs,2024-25,3Q,1,0,0.0,0,0,0.0,2,1,50.0,41.0,18.3,53.96,UTA,-15,0,L,,,
G100184,Kevin Durant,Playoffs,2023-24,4Q,2,1,50.0,3,1,33.33,0,0,0.0,41.0,18.3,53.96,UTA,-15,0,L,33.33,50.0,0.0
G100185,Jaylen Brown,Regular,2023-24,1Q,3,2,66.67,3,1,33.33,3,2,66.67,17.7,16.6,51.79,MIL,-5,1,L,,,
G100185,Jaylen Brown,Regular,2023-24,2Q,0,0,0.0,1,0,0.0,1,0,0.0,17.7,16.6,51.79,MIL,-5,1,L,,,
G100185,Jaylen Brown,Regular,2023-24,3Q,0,0,0.0,2,2,100.0,0,0,0.0,17.7,16.6,51.79,MIL,-5,1,L,,,
G100185,Jaylen Brown,Regular,2023-24,4Q,0,0,0.0,2,1,50.0,1,1,100.0,17.7,16.6,51.79,MIL,-5,1,L,50.0,0.0,100.0
G100186,De'Aaron Fox,Playoffs,2024-25,1Q,4,1,25.0,5,4,80.0,4,4,100.0,23.8,34.1,51.67,GSW,10,0,W,,,
G100186,De'Aaron Fox,Playoffs,2023-24,2Q,1,0,0.0,2,0,0.0,2,1,50.0,23.8,34.1,51.67,GSW,10,0,W,,,
G100186,De'Aaron Fox,Playoffs,2024-25,3Q,1,0,0.0,6,4,66.67,4,1,25.0,23.8,34.1,51.67,GSW,10,0,W,,,
G100186,De'Aaron Fox,Playoffs,2023-24,4Q,3,1,33.33,1,0,0.0,0,0,0.0,23.8,34.1,51.67,GSW,10,0,W,0.0,33.33,0.0
G100187,Devin Booker,Playoffs,2023-24,1Q,2,1,50.0,2,1,50.0,1,1,100.0,33.1,16.0,47.48,PHX,7,0,W,,,
G100187,Devin Booker,Playoffs,2023-24,2Q,1,0,0.0,1,1,100.0,1,1,100.0,33.1,16.0,47.48,PHX,7,0,W,,,
G100187,Devin Booker,Playoffs,2023-24,3Q,0,0,0.0,3,3,100.0,2,2,100.0,33.1,16.0,47.48,PHX,7,0,W,,,
G100187,Devin Booker,Playoffs,2023-24,4Q,2,1,50.0,1,0,0.0,1,1,100.0,33.1,16.0,47.48,PHX,7,0,W,0.0,50.0,100.0
G100188,Joel Embiid,Playoffs,2024-25,1Q,2,1,50.0,4,4,100.0,2,0,0.0,33.3,26.7,43.53,SAC,-12,0,L,,,
G100188,Joel Embiid,Playoffs,2024-25,2Q,2,1,50.0,2,2,100.0,2,2,100.0,33.3,26.7,43.53,SAC,-12,0,L,,,
G100188,Joel Embiid,Playoffs,2023-24,3Q,2,0,0.0,2,0,0.0,2,2,100.0,33.3,26.7,43.53,SAC,-12,0,L,,,
G100188,Joel Embiid,Playoffs,2023-24,4Q,3,2,66.67,5,3,60.0,3,2,66.67,33.3,26.7,43.53,SAC,-12,0,L,60.0,66.67,66.67
G100189,Kevin Durant,Regular,2023-24,1Q,0,0,0.0,0,0,0.0,1,1,100.0,30.5,12.4,54.62,UTA,-2,1,L,,,
G100189,Kevin Durant,Regular,2024-25,2Q,2,1,50.0,0,0,0.0,2,2,100.0,30.5,12.4,54.62,UTA,-2,1,L,,,
G100189,Kevin Durant,Regular,2023-24,3Q,1,0,0.0,3,1,33.33,0,0,0.0,30.5,12.4,54.62,UTA,-2,1,L,,,
G100189,Kevin Durant,Regular,2023-24,4Q,0,0,0.0,2,1,50.0,0,0,0.0,30.5,12.4,54.62,UTA,-2,1,L,50.0,0.0,0.0
G100190,Giannis Antetokounmpo,Playoffs,2024-25,1Q,2,2,100.0,1,0,0.0,2,2,100.0,27.9,17.9,47.61,DEN,-4,0,L,,,
G100190,Giannis Antetokounmpo,Playoffs,2024-25,2Q,1,0,0.0,4,1,25.0,1,1,100.0,27.9,17.9,47.61,DEN,-4,0,L,,,
G100190,Giannis Antetokounmpo,Playoffs,2024-25,3Q,2,1,50.0,0,0,0.0,1,1,100.0,27.9,17.9,47.61,DEN,-4,0,L,,,
G100190,Giannis Antetokounmpo,Playoffs,2024-25,4Q,0,0,0.0,4,2,50.0,1,1,100.0,27.9,17.9,47.61,DEN,-4,0,L,50.0,0.0,100.0
G100191,DeMar DeRozan,Playoffs,2023-24,1Q,1,0,0.0,0,0,0.0,0,0,0.0,34.8,13.8,55.34,NYK,0,1,W,,,
G100191,DeMar DeRozan,Playoffs,2023-24,2Q,1,1,100.0,0,0,0.0,0,0,0.0,34.8,13.8,55.34,NYK,0,1,W,,,
G100191,DeMar DeRozan,Playoffs,2024-25,3Q,1,0,0.0,3,1,33.33,3,1,33.33,34.8,13.8,55.34,NYK,0,1,W,,,
G100191,DeMar DeRozan,Playoffs,2024-25,4Q,0,0,0.0,2,1,50.0,1,0,0.0,34.8,13.8,55.34,NYK,0,1,W,50.0,0.0,0.0
G100192,Luka Dončić,Regular,2024-25,1Q,1,1,100.0,3,3,100.0,3,3,100.0,32.2,26.2,52.61,DAL,7,0,W,,,
G100192,Luka Dončić,Regular,2023-24,2Q,3,2,66.67,1,1,100.0,2,1,50.0,32.2,26.2,52.61,DAL,7,0,W,,,
G100192,Luka Dončić,Regular,2023-24,3Q,0,0,0.0,5,5,100.0,2,2,100.0,32.2,26.2,52.61,DAL,7,0,W,,,
G100192,Luka Dončić,Regular,2023-24,4Q,4,0,0.0,1,0,0.0,0,0,0.0,32.2,26.2,52.61,DAL,7,0,W,0.0,0.0,0.0
G100193,Trae Young,Regular,2024-25,1Q,0,0,0.0,0,0,0.0,2,0,0.0,21.0,13.4,46.1,LAC,-5,0,L,,,
G100193,Trae Young,Regular,2023-24,2Q,0,0,0.0,0,0,0.0,2,2,100.0,21.0,13.4,46.1,LAC,-5,0,L,,,
G100193,Trae Young,Regular,2023-24,3Q,2,0,0.0,4,2,50.0,1,0,0.0,21.0,13.4,46.1,LAC,-5,0,L,,,
G100193,Trae Young,Regular,2023-24,4Q,2,2,100.0,2,2,100.0,0,0,0.0,21.0,13.4,46.1,LAC,-5,0,L,100.0,100.0,0.0
G100194,Zach LaVine,Playoffs,2024-25,1Q,3,0,0.0,0,0,0.0,2,2,100.0,25.3,19.2,54.78,ATL,17,0,W,,,
G100194,Zach LaVine,Playoffs,2023-24,2Q,2,2,100.0,1,0,0.0,2,1,50.0,25.3,19.2,54.78,ATL,17,0,W,,,
G100194,Zach LaVine,Playoffs,2023-24,3Q,0,0,0.0,3,2,66.67,0,0,0.0,25.3,19.2,54.78,ATL,17,0,W,,,
G100194,Zach LaVine,Playoffs,2023-24,4Q,0,0,0.0,4,3,75.0,1,0,0.0,25.3,19.2,54.78,ATL,17,0,W,75.0,0.0,0.0
G100195,Tyrese Maxey,Playoffs,2024-25,1Q,0,0,0.0,1,0,0.0,0,0,0.0,18.6,8.5,51.08,PHI,-10,0,L,,,
G100195,Tyrese Maxey,Playoffs,2023-24,2Q,1,1,100.0,1,0,0.0,0,0,0.0,18.6,8.5,51.08,PHI,-10,0,L,,,
G100195,Tyrese Maxey,Playoffs,2023-24,3Q,1,0,0.0,1,1,100.0,2,2,100.0,18.6,8.5,51.08,PHI,-10,0,L,,,
G100195,Tyrese Maxey,Playoffs,2023-24,4Q,0,0,0.0,1,1,100.0,0,0,0.0,18.6,8.5,51.08,PHI,-10,0,L,100.0,0.0,0.0
G100196,Karl-Anthony Towns,Playoffs,2023-24,1Q,1,0,0.0,0,0,0.0,1,1,100.0,30.4,8.2,48.38,DET,-13,0,L,,,
G100196,Karl-Anthony Towns,Playoffs,2023-24,2Q,0,0,0.0,2,0,0.0,1,1,100.0,30.4,8.2,48.38,DET,-13,0,L,,,
G100196,Karl-Anthony Towns,Playoffs,2024-25,3Q,0,0,0.0,1,0,0.0,0,0,0.0,30.4,8.2,48.38,DET,-13,0,L,,,
G100196,Karl-Anthony Towns,Playoffs,2024-25,4Q,1,0,0.0,0,0,0.0,1,1,100.0,30.4,8.2,48.38,DET,-13,0,L,0.0,0.0,100.0
G100197,Karl-Anthony Towns,Regular,2024-25,1Q,1,0,0.0,3,1,33.33,2,1,50.0,33.4,15.9,48.69,DET,-2,0,L,,,
G100197,Karl-Anthony Towns,Regular,2023-24,2Q,2,0,0.0,2,1,50.0,1,0,0.0,33.4,15.9,48.69,DET,-2,0,L,,,
G100197,Karl-Anthony Towns,Regular,2024-25,3Q,0,0,0.0,1,0,0.0,0,0,0.0,33.4,15.9,48.69,DET,-2,0,L,,,
G100197,Karl-Anthony Towns,Regular,2024-25,4Q,1,1,100.0,1,0,0.0,2,0,0.0,33.4,15.9,48.69,DET,-2,0,L,0.0,100.0,0.0
G100198,Jayson Tatum,Regular,2024-25,1Q,0,0,0.0,3,0,0.0,4,1,25.0,29.1,24.0,46.52,LAL,6,0,W,,,
G100198,Jayson Tatum,Regular,2024-25,2Q,1,0,0.0,2,1,50.0,2,1,50.0,29.1,24.0,46.52,LAL,6,0,W,,,
G100198,Jayson Tatum,Regular,2023-24,3Q,3,1,33.33,4,2,50.0,1,1,100.0,29.1,24.0,46.52,LAL,6,0,W,,,
G100198,Jayson Tatum,Regular,2024-25,4Q,2,0,0.0,3,1,33.33,1,1,100.0,29.1,24.0,46.52,LAL,6,0,W,33.33,0.0,100.0
G100199,Jalen Brunson,Regular,2023-24,1Q,2,1,50.0,3,1,33.33,2,2,100.0,23.1,21.1,54.24,POR,8,0,W,,,
G100199,Jalen Brunson,Regular,2024-25,2Q,1,0,0.0,1,1,100.0,1,1,100.0,23.1,21.1,54.24,POR,8,0,W,,,
G100199,Jalen Brunson,Regular,2024-25,3Q,1,1,100.0,2,1,50.0,1,1,100.0,23.1,21.1,54.24,POR,8,0,W,,,
G100199,Jalen Brunson,Regular,2023-24,4Q,1,0,0.0,2,1,50.0,2,2,100.0,23.1,21.1,54.24,POR,8,0,W,50.0,0.0,100.0
G100200,Karl-Anthony Towns,Regular,2023-24,1Q,0,0,0.0,0,0,0.0,0,0,0.0,31.2,10.2,56.07,DET,-5,1,L,,,
G100200,Karl-Anthony Towns,Regular,2023-24,2Q,1,0,0.0,1,1,100.0,0,0,0.0,31.2,10.2,56.07,DET,-5,1,L,,,
G100200,Karl-Anthony Towns,Regular,2023-24,3Q,1,1,100.0,3,2,66.67,2,2,100.0,31.2,10.2,56.07,DET,-5,1,L,,,
G100200,Karl-Anthony Towns,Regular,2024-25,4Q,0,0,0.0,0,0,0.0,1,1,100.0,31.2,10.2,56.07,DET,-5,1,L,0.0,0.0,100.0
G100201,DeMar DeRozan,Playoffs,2024-25,1Q,0,0,0.0,2,2,100.0,0,0,0.0,30.5,6.6,45.24,NYK,-16,0,L,,,
G100201,DeMar DeRozan,Playoffs,2023-24,2Q,1,1,100.0,1,1,100.0,2,2,100.0,30.5,6.6,45.24,NYK,-16,0,L,,,
G100201,DeMar DeRozan,Playoffs,2023-24,3Q,0,0,0.0,0,0,0.0,0,0,0.0,30.5,6.6,45.24,NYK,-16,0,L,,,
G100201,DeMar DeRozan,Playoffs,2023-24,4Q,0,0,0.0,0,0,0.0,1,1,100.0,30.5,6.6,45.24,NYK,-16,0,L,0.0,0.0,100.0
G100202,Lauri Markkanen,Regular,2023-24,1Q,1,1,100.0,1,1,100.0,1,1,100.0,27.4,3.2,53.21,CLE,-11,0,L,,,
G100202,Lauri Markkanen,Regular,2024-25,2Q,0,0,0.0,0,0,0.0,0,0,0.0,27.4,3.2,53.21,CLE,-11,0,L,,,
G100202,Lauri Markkanen,Regular,2023-24,3Q,0,0,0.0,0,0,0.0,0,0,0.0,27.4,3.2,53.21,CLE,-11,0,L,,,
G100202,Lauri Markkanen,Regular,2023-24,4Q,0,0,0.0,0,0,0.0,0,0,0.0,27.4,3.2,53.21,CLE,-11,0,L,0.0,0.0,0.0
G100203,LeBron James,Regular,2023-24,1Q,0,0,0.0,2,2,100.0,1,0,0.0,32.8,20.6,50.38,SAS,-4,0,L,,,
G100203,LeBron James,Regular,2024-25,2Q,1,0,0.0,4,2,50.0,1,1,100.0,32.8,20.6,50.38,SAS,-4,0,L,,,
G100203,LeBron James,Regular,2024-25,3Q,1,1,100.0,3,2,66.67,2,2,100.0,32.8,20.6,50.38,SAS,-4,0,L,,,
G100203,LeBron James,Regular,2024-25,4Q,2,0,0.0,1,0,0.0,2,2,100.0,32.8,20.6,50.38,SAS,-4,0,L,0.0,0.0,100.0
G100204,Luka Dončić,Playoffs,2024-25,1Q,6,1,16.67,2,2,100.0,3,2,66.67,29.4,42.0,45.23,DAL,3,0,W,,,
G100204,Luka Dončić,Playoffs,2024-25,2Q,2,2,100.0,8,6,75.0,3,2,66.67,29.4,42.0,45.23,DAL,3,0,W,,,
G100204,Luka Dončić,Playoffs,2024-25,3Q,2,0,0.0,3,0,0.0,3,2,66.67,29.4,42.0,45.23,DAL,3,0,W,,,
G100204,Luka Dončić,Playoffs,2023-24,4Q,5,2,40.0,6,3,50.0,3,1,33.33,29.4,42.0,45.23,DAL,3,0,W,50.0,40.0,33.33
G100205,Kyrie Irving,Regular,2024-25,1Q,0,0,0.0,1,1,100.0,2,1,50.0,26.3,8.9,45.68,MIA,-10,0,L,,,
G100205,Kyrie Irving,Regular,2024-25,2Q,2,1,50.0,1,0,0.0,0,0,0.0,26.3,8.9,45.68,MIA,-10,0,L,,,
G100205,Kyrie Irving,Regular,2023-24,3Q,0,0,0.0,2,2,100.0,0,0,0.0,26.3,8.9,45.68,MIA,-10,0,L,,,
G100205,Kyrie Irving,Regular,2023-24,4Q,1,1,100.0,0,0,0.0,1,1,100.0,26.3,8.9,45.68,MIA,-10,0,L,0.0,100.0,100.0
G100206,Jalen Brunson,Playoffs,2024-25,1Q,1,1,100.0,1,0,0.0,1,0,0.0,24.9,21.1,54.92,POR,11,0,W,,,
G100206,Jalen Brunson,Playoffs,2023-24,2Q,3,0,0.0,2,1,50.0,3,2,66.67,24.9,21.1,54.92,POR,11,0,W,,,
G100206,Jalen Brunson,Playoffs,2024-25,3Q,0,0,0.0,2,1,50.0,1,1,100.0,24.9,21.1,54.92,POR,11,0,W,,,
G100206,Jalen Brunson,Playoffs,2023-24,4Q,1,1,100.0,4,2,50.0,0,0,0.0,24.9,21.1,54.92,POR,11,0,W,50.0,100.0,0.0
G100207,Devin Booker,Regular,2024-25,1Q,2,1,50.0,3,0,0.0,1,1,100.0,36.9,15.2,43.66,PHX,0,0,W,,,
G100207,Devin Booker,Regular,2024-25,2Q,0,0,0.0,0,0,0.0,1,1,100.0,36.9,15.2,43.66,PHX,0,0,W,,,
G100207,Devin Booker,Regular,2024-25,3Q,0,0,0.0,3,2,66.67,0,0,0.0,36.9,15.2,43.66,PHX,0,0,W,,,
G100207,Devin Booker,Regular,2024-25,4Q,2,1,50.0,2,1,50.0,3,2,66.67,36.9,15.2,43.66,PHX,0,0,W,50.0,50.0,66.67
G100208,Damian Lillard,Regular,2023-24,1Q,1,0,0.0,0,0,0.0,2,2,100.0,32.5,12.2,50.65,CHI,8,0,W,,,
G100208,Damian Lillard,Regular,2023-24,2Q,1,0,0.0,1,0,0.0,1,1,100.0,32.5,12.2,50.65,CHI,8,0,W,,,
G100208,Damian Lillard,Regular,2023-24,3Q,1,1,100.0,2,2,100.0,1,0,0.0,32.5,12.2,50.65,CHI,8,0,W,,,
G100208,Damian Lillard,Regular,2024-25,4Q,0,0,0.0,2,1,50.0,0,0,0.0,32.5,12.2,50.65,CHI,8,0,W,50.0,0.0,0.0
G100209,Kyrie Irving,Playoffs,2024-25,1Q,0,0,0.0,2,1,50.0,3,2,66.67,18.4,20.6,43.0,MIA,1,0,W,,,
G100209,Kyrie Irving,Playoffs,2023-24,2Q,1,1,100.0,2,2,100.0,1,0,0.0,18.4,20.6,43.0,MIA,1,0,W,,,
G100209,Kyrie Irving,Playoffs,2023-24,3Q,3,2,66.67,4,3,75.0,1,1,100.0,18.4,20.6,43.0,MIA,1,0,W,,,
G100209,Kyrie Irving,Playoffs,2023-24,4Q,1,1,100.0,3,2,66.67,3,2,66.67,18.4,20.6,43.0,MIA,1,0,W,66.67,100.0,66.67
G100210,Jaylen Brown,Regular,2023-24,1Q,1,1,100.0,1,0,0.0,3,3,100.0,20.4,15.7,56.06,MIL,-10,0,L,,,
G100210,Jaylen Brown,Regular,2023-24,2Q,0,0,0.0,3,1,33.33,1,1,100.0,20.4,15.7,56.06,MIL,-10,0,L,,,
G100210,Jaylen Brown,Regular,2024-25,3Q,0,0,0.0,1,1,100.0,0,0,0.0,20.4,15.7,56.06,MIL,-10,0,L,,,
G100210,Jaylen Brown,Regular,2023-24,4Q,2,2,100.0,1,1,100.0,1,1,100.0,20.4,15.7,56.06,MIL,-10,0,L,100.0,100.0,100.0
G100211,Bam Adebayo,Regular,2024-25,1Q,2,0,0.0,2,2,100.0,0,0,0.0,16.2,22.5,51.92,NOP,2,0,W,,,
G100211,Bam Adebayo,Regular,2023-24,2Q,1,1,100.0,3,3,100.0,2,2,100.0,16.2,22.5,51.92,NOP,2,0,W,,,
G100211,Bam Adebayo,Regular,2023-24,3Q,2,0,0.0,3,1,33.33,2,2,100.0,16.2,22.5,51.92,NOP,2,0,W,,,
G100211,Bam Adebayo,Regular,2023-24,4Q,1,0,0.0,2,1,50.0,2,2,100.0,16.2,22.5,51.92,NOP,2,0,W,50.0,0.0,100.0
G100212,Mikal Bridges,Regular,2023-24,1Q,1,0,0.0,1,0,0.0,0,0,0.0,28.4,8.5,50.24,OKC,0,1,W,,,
G100212,Mikal Bridges,Regular,2023-24,2Q,0,0,0.0,2,2,100.0,1,0,0.0,28.4,8.5,50.24,OKC,0,1,W,,,
